Foo+Fighters,Jake+Bugg,Mumford+&+Sons,Imagine+Dragons,Marco+Mengoni,Red+Hot+Chili+Peppers,The+Script,Coldplay,The+Killers,Charlie+Brown+Jr.,Maroon+5,Muse,Kings+of+Leon,OneRepublic,Bastille,James+Arthur,Tiago+Iorc,Sam+Smith,Austin+Lucas,Zac+Brown+Band,Arctic+Monkeys,Nirvana,Los+Hermanos,Lana+Del+Rey,Pink+Floyd,Led+Zeppelin,Britney+Spears,Madonna,MGMT,John+Mayer,Apanhador+S%C3%B3,Tenacious+D,Caetano+Veloso,Peter+Doherty,The+Beatles,Z%C3%A9+Ramalho,Enya,Baco+Exu+do+Blues,Alex+Turner,Drake,Mac+Miller,Eminem,Portugal.+The+Man,Kanye+West,Justin+Timberlake,Frank+Ocean,Beyonc%C3%A9,The+Weeknd,Elijah+Blake,Foster+the+People,Kreayshawn,Florence+%252B+the+Machine,Luan+Santana,The+Libertines,Jhen%C3%A9+Aiko,JAY-Z+&+Kanye+West,Kid+Cudi,Bruno+Mars,Beastie+Boys,Rancid,Descendents,Rage+Against+the+Machine,The+Rabble,Anti-Flag,Transplants,Planet+Hemp,Ramones,Dead+Fish,Bad+Religion,Misfits,NOFX,Tim+Armstrong,The+Clash,Social+Distortion,The+Offspring,Zebrahead,Pennywise,Pantera,Elliott+Smith,The+Kooks,Elton+John,Paramore,Joy+Division,Heatmiser,Sufjan+Stevens,Weezer,Oasis,Bar%C3%A3o+Vermelho,Bright+Eyes,The+Kills,The+Smiths,Yo%C3%B1lu,Big+Star,Raimundos,AC%2FDC,Avenged+Sevenfold,U.D.R.,System+of+a+Down,Stone+Sour,Legi%C3%A3o+Urbana,Queen,Slipknot,Marcelo+D2,Iron+Maiden,Lady+Gaga,Metallica,Ultraje+A+Rigor,Johnny+Rivers,My+Chemical+Romance,Comunidade+Nin-Jitsu,Mc+Daleste,$uicideboy$,Three+6+Mafia,The+Black+Dahlia+Murder,Aborted,Whitechapel,Dying+Fetus,Napalm+Death,Sidoka,A$AP+Rocky,Slayer,Thy+Art+Is+Murder,Soulfly,Suffocation,Oceano,Wu-Tang+Clan,Carnifex,GZA%2FGenius,Mobb+Deep,Hour+of+Penance,Krisiun,Placebo,Angra,Depeche+Mode,The+Cure,Code+64,Logh,Radiohead,Rammstein,Travis,Turnover,blink-182,Pearl+Jam,Keane,Blue+October,The+Used,B1A4,THE+BOYZ,Winner,%EB%AA%AC%EC%8A%A4%ED%83%80%EC%97%91%EC%8A%A4,EXO,GOT7,offonoff,SEVENTEEN,%ED%8E%9C%ED%83%80%EA%B3%A4,%EB%B0%A9%ED%83%84%EC%86%8C%EB%85%84%EB%8B%A8,fromis_9,The+Strokes,MAMAMOO,%ED%81%AC%EB%82%98%ED%81%B0,Block+B,Whee+In,NewJeans,Weki+Meki,Interpol,Sonic+Youth,Queens+of+the+Stone+Age,"Tyler,+the+Creator",my+bloody+valentine,The+Dead+Weather,The+Horrors,Dinosaur+Jr.,The+Jesus+and+Mary+Chain,La+Dispute,Nine+Inch+Nails,The+Smashing+Pumpkins,A+Day+to+Remember,Asking+Alexandria,Memphis+May+Fire,Sum+41,Pierce+the+Veil,Mar%C3%ADlia+Mendon%C3%A7a,City+and+Colour,Death+Cab+for+Cutie,zimbra,Bullet+for+My+Valentine,The+Neighbourhood,Mayday+Parade,Lorde,Projota,Criolo,Anberlin,Sleeping+With+Sirens,The+Black+Keys,The+White+Stripes,Alice+in+Chains,Black+Sabbath,Kyuss,Deftones,Pixies,Black+Rebel+Motorcycle+Club,Green+Day,Joyce+Manor,Screeching+Weasel,Riverdales,Belchior,Alkaline+Trio,The+Queers,Dillinger+Four,Fun+People,Dance+of+Days,Against+Me!,Pinhead+Gunpowder,Boom+Boom+Kid,The+Lillingtons,Teenage+Bottlerocket,Toys+That+Kill,Tom+Z%C3%A9,Red+Dons,Violent+Soho,Chuva+Negra,Polara,The+Flatliners,Alexisonfire,Samiam,Dance+Gavin+Dance,Ways+Away,Balance+and+Composure,Post+Malone,Zander,Hot+Water+Music,Underoath,Circa+Survive,New+Found+Glory,Movements,Emarosa,From+First+to+Last,Saosin,Brand+New,Taking+Back+Sunday,colligere,Funeral+for+a+Friend,Aditive,Fresno,No%C3%A7%C3%A3o+de+Nada,Alesana,Defeater,Bring+Me+the+Horizon,blessthefall,Tigers+Jaw,Rise+Against,Basement,Emicida,Hateen,Millencolin,Silverstein,Pense,H2O,Strike,Febem,Bullet+Bane,BK,Filipe+Ret,Menores+Atos,Sugar+Kane,S%C3%ADntese,Rodrigo+Ogi,CPM+22,Black+Alien,Don+L,Morrissey,Johnny+Cash,RBD,Three+Days+Grace,Artifex+Pereo,The+Wonder+Years,Wolves+at+the+Gate,The+Subways,The+Story+So+Far,Gryffin,Hillsong+United,Flyleaf,3+Doors+Down,Stu+Larsen,Polyphia,Intervals,McFly,Fall+Out+Boy,Franz+Ferdinand,Two+Door+Cinema+Club,The+Maine,The+Vaccines,She+&+Him,Lagwagon,No+Use+for+a+Name,Strung+Out,Reel+Big+Fish,Propagandhi,Mad+Caddies,Me+First+and+the+Gimme+Gimmes,Good+Riddance,Sick+of+It+All,Engenheiros+Do+Hawaii,Pitty,Garage+Fuzz,Rancore,C%C3%A1ssia+Eller,Parkway+Drive,August+Burns+Red,Mercenary,Never+See+Tomorrow,Hatebreed,As+I+Lay+Dying,Touch%C3%A9+Amor%C3%A9,Being+as+an+Ocean,Escape+The+Fate,Last+Sigh,Emmure,Killswitch+Engage,Black+Drawing+Chalks,Deerhunter,The+Doors,Raul+Seixas,Arcade+Fire,Allah-Las,Tool,Mastodon,The+National,Cambriana,Bones,Sodom,Morbid+Angel,Overkill,Exodus,Testament,Judas+Priest,Pouya,Bolt+Thrower,Death,Venom,W.A.S.P.,Anthrax,Asphyx,Kreator,Better+Leave+Town,Lucas+Guido,Terno+Rei,Zudizilla,MURICA,Ra%C3%A7a,Ventre,RVIVR,Tim+Maia,Title+Fight,Angels+&+Airwaves,Wavves,Motion+City+Soundtrack,Math+the+Band,A+Rocket+to+the+Moon,The+1975,Last+Dinosaurs,Braid,Dashboard+Confessional,MAE,All+Time+Low,Stick+to+Your+Guns,Forfun,Balancing+the+Different,Esteban,Costa+Gold,Beeshop,Close+Your+Eyes,Linkin+Park,Our+Last+Night,Good+Charlotte,Gloria,Incubus,Rosa+de+Saron,Panic!+at+the+Disco,Breaking+Benjamin,The+Devil+Wears+Prada,Face+to+Face,Satanic+Surfers,Comeback+Kid,Atmosphere,Chico+Buarque,Sadistik,Eu+Serei+a+Hiena,Hightide+Hotel,Chuck+Ragan,Vitamin+X,O+Inimigo,Owen,Deluxe+Trio,Inqu%C3%A9rito,twenty+one+pilots,Childish+Gambino,Never+Shout+Never,Megadeth,Spiritbox,Emery,Violins,Otep,The+Hives,Plastic+Fire,Street+Bulldogs,Matanza,Good+Intentions,C%C3%B3lera,Agrot%C3%B3xico,Zumbis+do+Espa%C3%A7o,Vivendo+do+%C3%93cio,Box+Car+Racer,Darvin,The+Orwells,Cage+the+Elephant,The+Rolling+Stones,Four+Year+Strong,%252B44,Allister,Into+It.+Over+It.,The+Gaslight+Anthem,This+Town+Needs+Guns,Vespas+Mandarinas,Pentimento,Rael+da+Rima,Rael,C%C3%ADcero,Listener,Te%27,toe,Chris+Wollard+&+The+Ship+Thieves,The+Album+Leaf,Bob+Marley,Djonga,Froid,MD+Chefe,Bob+Marley+&+The+Wailers,Lamb+of+God,Jorge+Ben,%C3%81caros,Brothers+of+Brazil,Cam%C3%A9lia+Avenida,Coast+Be+Efies,Gritando+HC,Mukeka+di+Rato,Abulia,Bid%C3%AA+ou+Balde,Circle+Jerks,Clara+Nunes,Die+%C3%84rzte,Doutor+Fujimore,Fistt,Flogging+Molly,Fugazi,J.+Cole,YUNG+BUDA,SonoTWS,Puro+Suco,Black+Days,Citizen,Castello+Branco,Beach+House,O+Teatro+M%C3%A1gico,Turnstile,Five+Finger+Death+Punch,Lights+&+Motion,Mogwai,Architects,Trivium,Gorillaz,Mot%C3%B6rhead,Lynyrd+Skynyrd,Black+Label+Society,Municipal+Waste,Suicidal+Tendencies,Atreyu,Mudvayne,Medellin,Less+Than+Jake,Children+of+Bodom,The+Silence,Cueio+Lim%C3%A3o,Ratos+De+Por%C3%A3o,Army+of+the+Pharaohs,Mest,Story+of+the+Year,Goldfinger,Youth+Fountain,The+Red+Jumpsuit+Apparatus,Major+League,Armandinho,State+Champs,Real+Friends,Tonight+Alive,Yellowcard,Limp+Bizkit,The+Vines,Korn,Cachorro+Grande,Sepultura,Cypress+Hill,Supercombo,NX+Zero,T%C3%B3paz,Jonas+Brothers,Henrique+&+Juliano,J%C3%A3o,Vitor+Ramil,BRAZA,Dua+Lipa,Liam+Gallagher,Wallace+Vanborn,Drums+Are+for+Parades,Mintzkov,The+Van+Jets,A+Brand,Kapitan+Korsakov,Team+William,The+Hickey+Underworld,The+Sore+Losers,%27t+Hof+van+Commerce,Absynthe+Minded,Admiral+Freebee,Aks,Band+of+Skulls,Bed+Rugs,Bloc+Party,Blood+Red+Shoes,Broken+Glass+Heroes,Creature+With+The+Atom+Brain,Fence,Shout+Out+Louds,The+Who,Ben+Kweller,Bob+Dylan,The+Mary+Onettes,Babyshambles,Camera+Obscura,Vetiver,Sublime,The+Kinks,Nenhum+de+N%C3%B3s,Alan+Jackson,Capital+Inicial,Third+Day,Oficina+G3,Within+Temptation,Chevelle,Bon+Jovi,Casting+Crowns,Guns+N%27+Roses,Sam+Fender,Harry+Styles,blackbear,GNR,Against+the+Current,SZA,The+Nearly+Deads,Jorja+Smith,Troye+Sivan,Audioslave,Kaleo,Bazzi,Eden,U2,Years+&+Years,Frank+Zappa,%5Bunknown%5D,Jimi+Hendrix,"Jimmy+Page,+John+Paul+Jones,+John+Bonham",The+Yardbirds,Paul+Gilbert,Funkadelic,Voo+Voo,Rival+Sons,Rory+Gallagher,Deep+Purple,Joe+Bonamassa,Budgie,Holy+Fuck,The+Brew,user_id
1.0,0.8566467065868264,0.8191017964071856,0.6863672654690619,0.6400998003992016,0.5847305389221557,0.5578043912175649,0.5452894211576846,0.5449101796407185,0.5255688622754491,0.5217764471057884,0.4364471057884231,0.3920758483033932,0.38752495009980037,0.3496007984031936,0.2930938123752495,0.2589620758483034,0.23658682634730538,0.23241516966067866,0.2236926147704591,,,,,,,,,,,,,,,,,,,,,,,,,,,,,,,,,,,,,,,,,,,,,,,,,,,,,,,,,,,,,,,,,,,,,,,,,,,,,,,,,,,,,,,,,,,,,,,,,,,,,,,,,,,,,,,,,,,,,,,,,,,,,,,,,,,,,,,,,,,,,,,,,,,,,,,,,,,,,,,,,,,,,,,,,,,,,,,,,,,,,,,,,,,,,,,,,,,,,,,,,,,,,,,,,,,,,,,,,,,,,,,,,,,,,,,,,,,,,,,,,,,,,,,,,,,,,,,,,,,,,,,,,,,,,,,,,,,,,,,,,,,,,,,,,,,,,,,,,,,,,,,,,,,,,,,,,,,,,,,,,,,,,,,,,,,,,,,,,,,,,,,,,,,,,,,,,,,,,,,,,,,,,,,,,,,,,,,,,,,,,,,,,,,,,,,,,,,,,,,,,,,,,,,,,,,,,,,,,,,,,,,,,,,,,,,,,,,,,,,,,,,,,,,,,,,,,,,,,,,,,,,,,,,,,,,,,,,,,,,,,,,,,,,,,,,,,,,,,,,,,,,,,,,,,,,,,,,,,,,,,,,,,,,,,,,,,,,,,,,,,,,,,,,,,,,,,,,,,,,,,,,9943
0.2775090144230769,,,,,,,,,,,,,,,,,,,,1.0,0.35258413461538457,0.2486778846153846,0.22498497596153844,0.2218449519230769,0.16675180288461539,0.16189903846153847,0.15504807692307693,0.14990985576923077,0.14591346153846152,0.14048978365384615,0.1333533653846154,0.1205078125,0.12022235576923077,0.12022235576923077,0.12022235576923077,0.11508413461538462,0.11394230769230769,0.11280048076923077,,,,,,,,,,,,,,,,,,,,,,,,,,,,,,,,,,,,,,,,,,,,,,,,,,,,,,,,,,,,,,,,,,,,,,,,,,,,,,,,,,,,,,,,,,,,,,,,,,,,,,,,,,,,,,,,,,,,,,,,,,,,,,,,,,,,,,,,,,,,,,,,,,,,,,,,,,,,,,,,,,,,,,,,,,,,,,,,,,,,,,,,,,,,,,,,,,,,,,,,,,,,,,,,,,,,,,,,,,,,,,,,,,,,,,,,,,,,,,,,,,,,,,,,,,,,,,,,,,,,,,,,,,,,,,,,,,,,,,,,,,,,,,,,,,,,,,,,,,,,,,,,,,,,,,,,,,,,,,,,,,,,,,,,,,,,,,,,,,,,,,,,,,,,,,,,,,,,,,,,,,,,,,,,,,,,,,,,,,,,,,,,,,,,,,,,,,,,,,,,,,,,,,,,,,,,,,,,,,,,,,,,,,,,,,,,,,,,,,,,,,,,,,,,,,,,,,,,,,,,,,,,,,,,,,,,,,,,,,,,,,,,,,,,,,,,,,,,,,,,,,,,,,,,,,,,,,,,,,,,,,,,,,,,,,,,,,,,,,,,,,,,9944
,,,,,,,,,,,,,,,,,,,,0.18773987206823028,,,,,,,,,,,,,,,,,,,1.0,0.3963752665245202,0.348773987206823,0.3143390191897655,0.27180170575692963,0.2636993603411514,0.23027718550106607,0.22217484008528782,0.21103411513859277,0.186727078891258,0.18368869936034116,0.18267590618336887,0.15026652452025585,0.14013859275053303,0.1371002132196162,0.13406183368869934,0.1269722814498934,0.11785714285714285,0.11481876332622601,,,,,,,,,,,,,,,,,,,,,,,,,,,,,,,,,,,,,,,,,,,,,,,,,,,,,,,,,,,,,,,,,,,,,,,,,,,,,,,,,,,,,,,,,,,,,,,,,,,,,,,,,,,,,,,,,,,,,,,,,,,,,,,,,,,,,,,,,,,,,,,,,,,,,,,,,,,,,,,,,,,,,,,,,,,,,,,,,,,,,,,,,,,,,,,,,,,,,,,,,,,,,,,,,,,,,,,,,,,,,,,,,,,,,,,,,,,,,,,,,,,,,,,,,,,,,,,,,,,,,,,,,,,,,,,,,,,,,,,,,,,,,,,,,,,,,,,,,,,,,,,,,,,,,,,,,,,,,,,,,,,,,,,,,,,,,,,,,,,,,,,,,,,,,,,,,,,,,,,,,,,,,,,,,,,,,,,,,,,,,,,,,,,,,,,,,,,,,,,,,,,,,,,,,,,,,,,,,,,,,,,,,,,,,,,,,,,,,,,,,,,,,,,,,,,,,,,,,,,,,,,,,,,,,,,,,,,,,,,,,,,,,,,,,,,,,,,,,,,,,,,,,,,,,,,,,,,,,,,,,,,,,9945
,,,,,,,,,,,,,,,,,,,,,,,,,,,,,,,,,,,,,,,,,,,,,,,,,,,,,,,,,,1.0,0.8930180180180181,0.8648970398970399,0.6955598455598455,0.6906692406692406,0.6527670527670528,0.5256113256113256,0.513996138996139,0.45653153153153153,0.37155727155727153,0.3446589446589446,0.32265122265122265,0.3147039897039897,0.3098133848133848,0.2810810810810811,0.22667310167310167,0.1942728442728443,0.19305019305019305,0.18938223938223941,0.17593307593307594,,,,,,,,,,,,,,,,,,,,,,,,,,,,,,,,,,,,,,,,,,,,,,,,,,,,,,,,,,,,,,,,,,,,,,,,,,,,,,,,,,,,,,,,,,,,,,,,,,,,,,,,,,,,,,,,,,,,,,,,,,,,,,,,,,,,,,,,,,,,,,,,,,,,,,,,,,,,,,,,,,,,,,,,,,,,,,,,,,,,,,,,,,,,,,,,,,,,,,,,,,,,,,,,,,,,,,,,,,,,,,,,,,,,,,,,,,,,,,,,,,,,,,,,,,,,,,,,,,,,,,,,,,,,,,,,,,,,,,,,,,,,,,,,,,,,,,,,,,,,,,,,,,,,,,,,,,,,,,,,,,,,,,,,,,,,,,,,,,,,,,,,,,,,,,,,,,,,,,,,,,,,,,,,,,,,,,,,,,,,,,,,,,,,,,,,,,,,,,,,,,,,,,,,,,,,,,,,,,,,,,,,,,,,,,,,,,,,,,,,,,,,,,,,,,,,,,,,,,,,,,,,,,,,,,,,,,,,,,,,,,,,,,,,,,,,,,,,,,,,,,,,,9946
,,,,,,,,,,,,,,,,,,,,0.3261157210136802,,0.1313859609777977,0.3531733572549899,0.16717873962771923,,,,,,,,,,0.3538125140165956,,,,,,,,,,,,,,,,,,,,,,,,,,,,,,,,,,,,,,,,,,,,1.0,0.2777528593855125,0.25367795469836285,0.24536891679748823,0.22853778874187036,0.20893698138596095,0.2044628840547208,0.2025454137699036,0.1880578605068401,0.17229199372056514,0.15524781341107874,0.14672572325633548,0.1456604619869926,0.13415564027808924,0.12861628167750616,,,,,,,,,,,,,,,,,,,,,,,,,,,,,,,,,,,,,,,,,,,,,,,,,,,,,,,,,,,,,,,,,,,,,,,,,,,,,,,,,,,,,,,,,,,,,,,,,,,,,,,,,,,,,,,,,,,,,,,,,,,,,,,,,,,,,,,,,,,,,,,,,,,,,,,,,,,,,,,,,,,,,,,,,,,,,,,,,,,,,,,,,,,,,,,,,,,,,,,,,,,,,,,,,,,,,,,,,,,,,,,,,,,,,,,,,,,,,,,,,,,,,,,,,,,,,,,,,,,,,,,,,,,,,,,,,,,,,,,,,,,,,,,,,,,,,,,,,,,,,,,,,,,,,,,,,,,,,,,,,,,,,,,,,,,,,,,,,,,,,,,,,,,,,,,,,,,,,,,,,,,,,,,,,,,,,,,,,,,,,,,,,,,,,,,,,,,,,,,,,,,,,,,,,,,,,,,,,,,,,,,,,,,,,,,,,,,,,,,,,,,,,,,,,,,,,,,,,,,,,,,,,,,,,,,,,,,,,,,,,,,,,,,,,,9947
,,,,,,,,,,,,,,,,,,,,0.2555209415022499,,,,,,,,,,,,,,,,,,,,,0.16722914503288336,,,,,,,,,,,,,,,,,,,,,,,,,,,,,,,,,,,,,,,,,,,,,,,,,,,,1.0,0.2892263759086189,0.2510816891658013,0.2132658359293873,0.2101419176185531,0.20997750086535133,0.18975424022152992,0.17249048113534093,0.16015922464520593,0.15391138802353754,0.15045863620629973,0.13746971270335756,0.13467462789892698,0.13368812737971617,0.11938386985115958,0.11198511595707858,0.11083419868466597,0.11050536517826237,,,,,,,,,,,,,,,,,,,,,,,,,,,,,,,,,,,,,,,,,,,,,,,,,,,,,,,,,,,,,,,,,,,,,,,,,,,,,,,,,,,,,,,,,,,,,,,,,,,,,,,,,,,,,,,,,,,,,,,,,,,,,,,,,,,,,,,,,,,,,,,,,,,,,,,,,,,,,,,,,,,,,,,,,,,,,,,,,,,,,,,,,,,,,,,,,,,,,,,,,,,,,,,,,,,,,,,,,,,,,,,,,,,,,,,,,,,,,,,,,,,,,,,,,,,,,,,,,,,,,,,,,,,,,,,,,,,,,,,,,,,,,,,,,,,,,,,,,,,,,,,,,,,,,,,,,,,,,,,,,,,,,,,,,,,,,,,,,,,,,,,,,,,,,,,,,,,,,,,,,,,,,,,,,,,,,,,,,,,,,,,,,,,,,,,,,,,,,,,,,,,,,,,,,,,,,,,,,,,,,,,,,,,,,,,,,,,,,,,,,,,,,,,,,,,,,,,,,,,,,,,,,,,,,,,,9949
,,,,,,,,,,,,,,,,,,,,,,,,,,,,,,,,,,,,,,,,,,,,,,,,,,,,,,,,,,,,,,,,,,,,,,,,,,,,,,,,,,,,,,,,,,,,,,,,,,,,,,,,,,,,,,,1.0,0.9292764214584002,0.7870663347253454,0.6563001927401221,0.5980886604561517,0.5805412785094763,0.551626244779955,0.48807420494699644,0.4683143270157404,0.46564407324124635,0.41826614198522327,0.38637568262126565,0.38134034693221974,0.37935672984259555,0.3530356569225827,0.34670334082878246,0.3249598458079023,0.29673144876325086,0.2697237391583681,0.26117892707998713,,,,,,,,,,,,,,,,,,,,,,,,,,,,,,,,,,,,,,,,,,,,,,,,,,,,,,,,,,,,,,,,,,,,,,,,,,,,,,,,,,,,,,,,,,,,,,,,,,,,,,,,,,,,,,,,,,,,,,,,,,,,,,,,,,,,,,,,,,,,,,,,,,,,,,,,,,,,,,,,,,,,,,,,,,,,,,,,,,,,,,,,,,,,,,,,,,,,,,,,,,,,,,,,,,,,,,,,,,,,,,,,,,,,,,,,,,,,,,,,,,,,,,,,,,,,,,,,,,,,,,,,,,,,,,,,,,,,,,,,,,,,,,,,,,,,,,,,,,,,,,,,,,,,,,,,,,,,,,,,,,,,,,,,,,,,,,,,,,,,,,,,,,,,,,,,,,,,,,,,,,,,,,,,,,,,,,,,,,,,,,,,,,,,,,,,,,,,,,,,,,,,,,,,,,,,,,,,,,,,,,,,,,,,,,,,,,,,,,,,,,,,,,,,,,,,9950
,,0.5865605828220859,,,0.3964148773006134,,,0.37907592024539877,,,,0.40319018404907975,,,,,,,,,,,,,,,,,,,,,,,,,,,,,,,,,,,,,,,,,,,,,,,,,,,,,,,,,,,,,,,,,,,,,,,,,,,,,,0.4436234662576687,,,,,,,,,,,,,,,,,,,,,,,,,,,,,,,,,,,,,,,,,1.0,0.9782898773006135,0.899098926380368,0.840088190184049,0.6404716257668712,0.5104294478527607,0.43808665644171774,0.4238803680981595,0.409601226993865,0.4072699386503067,0.3920437116564417,0.33499999999999996,0.31576687116564417,0.3092829754601227,0.2709624233128834,,,,,,,,,,,,,,,,,,,,,,,,,,,,,,,,,,,,,,,,,,,,,,,,,,,,,,,,,,,,,,,,,,,,,,,,,,,,,,,,,,,,,,,,,,,,,,,,,,,,,,,,,,,,,,,,,,,,,,,,,,,,,,,,,,,,,,,,,,,,,,,,,,,,,,,,,,,,,,,,,,,,,,,,,,,,,,,,,,,,,,,,,,,,,,,,,,,,,,,,,,,,,,,,,,,,,,,,,,,,,,,,,,,,,,,,,,,,,,,,,,,,,,,,,,,,,,,,,,,,,,,,,,,,,,,,,,,,,,,,,,,,,,,,,,,,,,,,,,,,,,,,,,,,,,,,,,,,,,,,,,,,,,,,,,,,,,,,,,,,,,,,,,,,,,,,,,,,,,,,,,,,,,,,,,,,,,,,,,,,,,,,,,,,,,,,,,,,,,,,,,,,,,,,,,,,,,,,,,,,,,,,,,,,,,,,,,,,,9951
,,,,,,,,,,,,,,,,,,,,0.5641288067898154,,,,,,,,,,,,,,,,,,,,,,0.7908387418871692,,,,,,,,,,,,,,,,,,,,,,,,,,,,,,,,,,,,,,,,,,,,,,,,,,,,,,,,,,,,,,,,,,,,,,,,,,,,,,,,,,,,,,,,,,,,,,,,,,,,,,,,1.0,0.8029331003494758,0.6098976535197205,0.5055541687468796,0.45409385921118317,0.4526709935097354,0.4125936095856215,0.34358462306540183,0.3151273090364453,0.31038442336495253,0.2482526210683974,0.23924113829256116,0.23141537693459807,0.22003245132301547,0.21528956565152269,0.17995506739890166,0.17805791313030456,0.1773464802795806,,,,,,,,,,,,,,,,,,,,,,,,,,,,,,,,,,,,,,,,,,,,,,,,,,,,,,,,,,,,,,,,,,,,,,,,,,,,,,,,,,,,,,,,,,,,,,,,,,,,,,,,,,,,,,,,,,,,,,,,,,,,,,,,,,,,,,,,,,,,,,,,,,,,,,,,,,,,,,,,,,,,,,,,,,,,,,,,,,,,,,,,,,,,,,,,,,,,,,,,,,,,,,,,,,,,,,,,,,,,,,,,,,,,,,,,,,,,,,,,,,,,,,,,,,,,,,,,,,,,,,,,,,,,,,,,,,,,,,,,,,,,,,,,,,,,,,,,,,,,,,,,,,,,,,,,,,,,,,,,,,,,,,,,,,,,,,,,,,,,,,,,,,,,,,,,,,,,,,,,,,,,,,,,,,,,,,,,,,,,,,,,,,,,,,,,,,,,,,,,,,,,,,,,,,,,,,,,,,,9952
,,,,,,,,,,,,,,,,,,,,1.0,,,,0.24083362978773865,,,,,,,,,,,,,,,0.3604707695956362,,,,,,,,,,,,,,,,,,,,,,,,,,,,,,,,,,,,,,,,,,,0.3771433653504091,,,0.32374599786552827,0.20016601446697496,,,,,,,,,,,,,,,,,,,,,,,,,,,,,,,,,,,,,,,,,,,,,,,,,,,0.3401932882722637,,,,,,,,,,,,,,,,,,,,0.5527688841456184,,,,,,,0.5972666903830192,0.48191035218783346,0.4505929088106249,0.43977825210482624,0.41420609510257317,0.30583422269654925,0.23644017550100793,0.23508834341278312,0.23272263725838965,0.2210067591604411,0.215937388829598,0.21053006047669864,,,,,,,,,,,,,,,,,,,,,,,,,,,,,,,,,,,,,,,,,,,,,,,,,,,,,,,,,,,,,,,,,,,,,,,,,,,,,,,,,,,,,,,,,,,,,,,,,,,,,,,,,,,,,,,,,,,,,,,,,,,,,,,,,,,,,,,,,,,,,,,,,,,,,,,,,,,,,,,,,,,,,,,,,,,,,,,,,,,,,,,,,,,,,,,,,,,,,,,,,,,,,,,,,,,,,,,,,,,,,,,,,,,,,,,,,,,,,,,,,,,,,,,,,,,,,,,,,,,,,,,,,,,,,,,,,,,,,,,,,,,,,,,,,,,,,,,,,,,,,,,,,,,,,,,,,,,,,,,,,,,,,,,,,,,,,,,,,,,,,,,,,,,,,,,,,,,,,,,,,,,,,,,,,,,,,,,,,,,,,,,,,,,,,,,,,,,,,,,,,,,,,,,9953
,,,,,,,,,,,,,,,,,,,,,,,,,,,,,,,,,,,,,,,0.3309361438313701,0.21353585451539575,,,,,,,,,,,,,,,,,,,,,,,,,,,,,,,,,,,,,,,,,,,,,,,,,,,,,,,,,,,,,,,,,,,,,,,,,,,,,,,,,,,,,,,,,,,,,,,,,,,,,,,,,,,,,,,,,,,,,0.21333953296135566,,,,,,,,,,,,,,,,,,,1.0,0.3056106633601984,0.28048150444306674,0.2700764620789419,0.23709444100020666,0.21432114073155611,0.21176896052903493,0.1907625542467452,0.1707377557346559,0.17054143418061582,0.17014879107253564,0.168774540194255,0.15267617276296758,0.14855342012812567,0.14717916924984503,0.1438417028311635,0.14050423641248194,,,,,,,,,,,,,,,,,,,,,,,,,,,,,,,,,,,,,,,,,,,,,,,,,,,,,,,,,,,,,,,,,,,,,,,,,,,,,,,,,,,,,,,,,,,,,,,,,,,,,,,,,,,,,,,,,,,,,,,,,,,,,,,,,,,,,,,,,,,,,,,,,,,,,,,,,,,,,,,,,,,,,,,,,,,,,,,,,,,,,,,,,,,,,,,,,,,,,,,,,,,,,,,,,,,,,,,,,,,,,,,,,,,,,,,,,,,,,,,,,,,,,,,,,,,,,,,,,,,,,,,,,,,,,,,,,,,,,,,,,,,,,,,,,,,,,,,,,,,,,,,,,,,,,,,,,,,,,,,,,,,,,,,,,,,,,,,,,,,,,,,,,,,,,,,,,,,,,,,,,,,,,,,,,,,,,,,,,,,,,,,,,,,,,,9954
,,,,,0.5652810109743931,,,,,,,0.3316511473229132,,,,,,,,,,,0.8586215497173263,,0.6472647156634519,,,,,,,,,,,,,,,,,,,,,0.4346441636182241,,,,,,,,,,,,,,,,,,,,,,,,,,,,,,,,0.3938892583970735,,,,,,,,,,,,,,,,0.34492018623212506,,,,,,,,,,,0.3066927169936814,,,,,,,,,,,,,,,,,,,,,,,,,,0.29468739607582306,,,,,,0.3542401064183572,,,,,,,,,,,,,,,,,,,,,,,,,,,,,1.0,,,,,,,,0.29642500831393415,,,,,,,,,,,,,,,,,,,0.5256318589956768,0.5058862653807782,0.4731875623545061,0.4221649484536082,0.36277020285999334,0.3149068839374792,0.30827236448287326,0.30384935151313597,,,,,,,,,,,,,,,,,,,,,,,,,,,,,,,,,,,,,,,,,,,,,,,,,,,,,,,,,,,,,,,,,,,,,,,,,,,,,,,,,,,,,,,,,,,,,,,,,,,,,,,,,,,,,,,,,,,,,,,,,,,,,,,,,,,,,,,,,,,,,,,,,,,,,,,,,,,,,,,,,,,,,,,,,,,,,,,,,,,,,,,,,,,,,,,,,,,,,,,,,,,,,,,,,,,,,,,,,,,,,,,,,,,,,,,,,,,,,,,,,,,,,,,,,,,,,,,,,,,,,,,,,,,,,,,,,,,,,,,,,,,,,,,,,,,,,,,,,,,,,,,,,,,,,,,,,,,,,,,,,,,,,,,,,,,,,,,,,,,,,,,,,,,,,,,,,,,,,,,,,,,,,,,,,,,,,,,,,,,,,,9955
,,,,,,,,,,,,,,,,,,,,,,,,,,,,,,,,,,,,,,,,,,,,,,,,,,,,,,,,,,,,,,,,,,0.19724556489262374,,,,,,,,,,,,0.15479525143390688,,,,,,,,,,,,,,,,,,,,,,,,,,,,,,,,,,,,,,,,,,,,,,,,,,,,,,,,,,,,,,,,,,,,,,,,,,,,,,,,,,,,,,,,,,,,,,,,,,,,,,,,,,,,,,,,,,,,,,,,,,,1.0,0.5093504068293984,0.4215352807789782,0.3826330532212885,0.28518740829665196,0.2778378017873816,0.2687141523275977,0.23741496598639455,0.23665466186474587,0.23564092303588102,0.2331065759637188,0.21752034146992127,0.21612645058023205,0.18647458983593435,0.1839402427637722,0.17164865946378552,0.17063492063492064,0.17012805122048819,,,,,,,,,,,,,,,,,,,,,,,,,,,,,,,,,,,,,,,,,,,,,,,,,,,,,,,,,,,,,,,,,,,,,,,,,,,,,,,,,,,,,,,,,,,,,,,,,,,,,,,,,,,,,,,,,,,,,,,,,,,,,,,,,,,,,,,,,,,,,,,,,,,,,,,,,,,,,,,,,,,,,,,,,,,,,,,,,,,,,,,,,,,,,,,,,,,,,,,,,,,,,,,,,,,,,,,,,,,,,,,,,,,,,,,,,,,,,,,,,,,,,,,,,,,,,,,,,,,,,,,,,,,,,,,,,,,,,,,,,,,,,,,,,,,,,,,,,,,,,,,,,,,,,,,,,,,,,,,,,,,,,,,,,,,,,,,,,,,,,,,,,,,,,,,,,,,,,,,,,,,,9956
,,,,,,,,,,,,,,,,,,,,,,,,,,,,,,,,,,,,,,,,,,,,,,,,,,,,,,,,,,,,,,,,,,,,,,,,,,,,,,,,,,,,,,,,,,,,,,,,,,,,,,,,,,,,,,,,,,,,,,,,,,,,,,,,,,,,,,,,,,,,,1.0,,,,0.5296017222820237,,,,,,,,,,,,,,,,,,,,,,,,,,,,,,,,,,,,,0.35064585575888046,,,,,,,,,,,,,,,,,,,,,,,,,,,,0.7157158234660926,,,,,,,,,0.9509149623250808,0.8036598493003229,0.7740043057050592,0.7382131324004306,0.7003767491926803,0.6533369214208826,0.6062970936490851,0.5224434876210979,0.5111948331539289,0.44983853606027985,0.3833692142088267,0.3823466092572658,0.37518837459634014,0.3690527448869752,0.36087190527448865,0.34246501614639396,,,,,,,,,,,,,,,,,,,,,,,,,,,,,,,,,,,,,,,,,,,,,,,,,,,,,,,,,,,,,,,,,,,,,,,,,,,,,,,,,,,,,,,,,,,,,,,,,,,,,,,,,,,,,,,,,,,,,,,,,,,,,,,,,,,,,,,,,,,,,,,,,,,,,,,,,,,,,,,,,,,,,,,,,,,,,,,,,,,,,,,,,,,,,,,,,,,,,,,,,,,,,,,,,,,,,,,,,,,,,,,,,,,,,,,,,,,,,,,,,,,,,,,,,,,,,,,,,,,,,,,,,,,,,,,,,,,,,,,,,,,,,,,,,,,,,,,,,,,,,,,,,,,,,,,,,,,,,,,,,,,,,,,,,,,,,,,,,,,,,,,,,,,,9957
,,,,,,,,,,,,,,,,,,,,,,,,,,,,,,,,,,,,,,,,,,,,,,,,,,,,,,,,,,,,,,,,,,,0.6723328943035891,,,,,,,,,,,,,,,,,,,,,,,,,,,,,,,,,,,,,,,,,,,,,,,,,,,,,,,,,,,,,,,,,,,,,,,,,,,,,,,,,,,,,,,,,,,,,,,,,,,,,,,,,,0.6598205465920316,,,,,,,,,,,,,,,,,,,,,,,,,,,,,,,,,,,,,,,,,,,,,,,0.3864257490945011,,,0.5387635824827132,,,,,,0.43788277905828116,,,,,,1.0,0.8534491274283833,0.8087174843595654,0.7308281198551202,0.650279881461969,0.5952255515311163,0.5944435297991439,0.5473658215344089,0.5195258478761936,0.4613434310174514,0.4594665788607178,0.42083470530128414,0.3807951926243003,0.3798567665459334,0.3635907145209088,,,,,,,,,,,,,,,,,,,,,,,,,,,,,,,,,,,,,,,,,,,,,,,,,,,,,,,,,,,,,,,,,,,,,,,,,,,,,,,,,,,,,,,,,,,,,,,,,,,,,,,,,,,,,,,,,,,,,,,,,,,,,,,,,,,,,,,,,,,,,,,,,,,,,,,,,,,,,,,,,,,,,,,,,,,,,,,,,,,,,,,,,,,,,,,,,,,,,,,,,,,,,,,,,,,,,,,,,,,,,,,,,,,,,,,,,,,,,,,,,,,,,,,,,,,,,,,,,,,,,,,,,,,,,,,,,,,,,,,,,,,,,,,,,,,,,,,,,,,,,,,,,,,,,,,,,,,,,,,,,,,,,,,,,,,,,9959
,,,,,,,,,,,,,,,,,,,,,,,,,,,,,,,,,,,,,,,,,,,,,,,,,,,,,,,,,,,,0.38234613604812584,,,,,,,0.37619157797316055,0.8215178158260065,,0.3880610828320222,,,,,,,,,,,0.3498149005090236,,,,,,,,,,,,,,,,,,,,,,,,,,,,,,,,,,,,,,,,,,,,,,,,,,,,,,,,,,,,0.3137667746413697,,,,,,,,,,,,,,,,,,,,,,,,,,,,,,,,,,,1.0,,,,,,0.3559694585839889,,,,,,,,,,,,,,,,,,,,,,,,,,,,,,,,,,,,,,,,,,,,,,,0.42059231837112443,,,,0.7806339657565942,,,,,,,,,,0.6777649236464599,,,,,,,0.6887552059231837,0.5274178621008793,0.4707080055529847,0.40432670060157333,0.39905136510874595,0.38322535863026375,0.36300323924109207,0.32519666820916243,0.3168440536788524,,,,,,,,,,,,,,,,,,,,,,,,,,,,,,,,,,,,,,,,,,,,,,,,,,,,,,,,,,,,,,,,,,,,,,,,,,,,,,,,,,,,,,,,,,,,,,,,,,,,,,,,,,,,,,,,,,,,,,,,,,,,,,,,,,,,,,,,,,,,,,,,,,,,,,,,,,,,,,,,,,,,,,,,,,,,,,,,,,,,,,,,,,,,,,,,,,,,,,,,,,,,,,,,,,,,,,,,,,,,,,,,,,,,,,,,,,,,,,,,,,,,,,,,,,,,,,,,,,,,,,,,,,,,,,,,,,,,,,,,,,,,,,,,,,,,,,,,,,,,,,,,,,,,,,,,,,,,,,,,,,,,9960
,,,,,,,,,0.5808823529411765,,,,,,,,,,,0.31900230680507496,,,,,,,,,,,,,,,,,,,,,,,,,,,,,,,,,,,,,,,,,,,,,,,1.0,,,0.24065743944636675,,,,,,,,,,,,,,,,,,,,,,,,,,,,,,,,,,,,,,,,,,,,,,,,,,,,,,,,,,,,,,,,,,,,,,,0.27818627450980393,,,,,,,,,,,,,,,,,,,,,,,,,,,,,,,,,,,,,,,,,,,,,,,,,,,,,,,,,,,,,,,,,,,,,,,,,,,,,,,0.528013264129181,,,,,,,,,0.5466407151095732,,,,,,,,,,,,,,,,,,,,,,,0.27818627450980393,,,,0.5682814302191465,,,0.8794694348327566,0.6490916955017301,0.4107698961937716,0.35954440599769316,0.3592704728950403,0.33050749711649363,0.3033881199538639,0.3006487889273356,0.2505190311418685,0.2491493656286044,0.24367070357554788,,,,,,,,,,,,,,,,,,,,,,,,,,,,,,,,,,,,,,,,,,,,,,,,,,,,,,,,,,,,,,,,,,,,,,,,,,,,,,,,,,,,,,,,,,,,,,,,,,,,,,,,,,,,,,,,,,,,,,,,,,,,,,,,,,,,,,,,,,,,,,,,,,,,,,,,,,,,,,,,,,,,,,,,,,,,,,,,,,,,,,,,,,,,,,,,,,,,,,,,,,,,,,,,,,,,,,,,,,,,,,,,,,,,,,,,,,,,,,,,,,,,,,,,,,,,,,,,,,,,,,,,,,,,,,,,,,,,,,,,,,,,,,,,,,,,,,,,,,,,,,,,,,,,,,,,,9961
,,,,,,,,,,,,,,,,,,,,,,,0.4168458396043861,0.2869382928402494,,0.4493227262954203,,,,,,,,,,,,,,,,,,,,,,,,,,,,,,,,,,,,,,,,,0.43114384003440115,,0.3770156955493442,,,,,,,,,,,,,0.30021500752526337,,,,0.395807353257364,,,,1.0,,,,,,,,,,,,,,,,,,,,,,,,,,,,,,,,,,,,,,,,,,,,0.24220597720920228,,,,,,,,,,,,,,,,,,,,,,,,,,,,,,,,,,,,,,,,,,0.24384003440120405,,,0.3259514082992904,,,,,,,,,,,,,,,,,,,,,,,,,,,,,,,,,,,,,,,,,,,,,,,,,,,,,,,,,,,,,,,,0.550634272199527,,,,,,0.2577295205332186,,,,,,,0.5992474736615783,,,,0.45524618361642655,,,0.39968823908836804,,,,,,,0.42705869705439686,0.32084497957428504,0.2581380348312191,0.23342291980219304,,,,,,,,,,,,,,,,,,,,,,,,,,,,,,,,,,,,,,,,,,,,,,,,,,,,,,,,,,,,,,,,,,,,,,,,,,,,,,,,,,,,,,,,,,,,,,,,,,,,,,,,,,,,,,,,,,,,,,,,,,,,,,,,,,,,,,,,,,,,,,,,,,,,,,,,,,,,,,,,,,,,,,,,,,,,,,,,,,,,,,,,,,,,,,,,,,,,,,,,,,,,,,,,,,,,,,,,,,,,,,,,,,,,,,,,,,,,,,,,,,,,,,,,,,,,,,,,,,,,,,,,,,,,,,,,,,,,,,,,,,,,,,,,,,,,,,,,,,,,,,,,,,,,,9962
,,,,,,,,,,,,,,,,,,,,,,,,,,,,,,,,,,,,,,,,,,,,,,,,,,,,,,,,,,,,,,,,,,,0.7595575221238938,,,,,,,,,,,,,,,,,,,,,,,,,,,,,,,,,,,,,,,,,,,,,,,,,,,,,,,,,,,,,,,,,,,,,,,,,,,,,,,,,,,,,,,,,,,,,,,,,,,,,,,,,,,,,,,,,,,,,,,,,,,,,,,,,,,,,,1.0,,,,,,,,,,,,,,,,,,,0.666118836915297,,,,,0.5347281921618204,,,,,,,,,,,,,,,,,,,,,,,,,,0.4991782553729456,,,,,0.4357648546144121,,,,0.38123893805309733,,,0.4112642225031605,,,,,,,,,,,0.8746144121365361,0.8489127686472819,0.6769279393173199,0.5558659924146649,0.5152718078381795,0.48236409608091024,0.44609355246523386,0.4242351453855878,0.3915676359039191,0.3442477876106194,0.3404045512010113,0.3247914032869785,,,,,,,,,,,,,,,,,,,,,,,,,,,,,,,,,,,,,,,,,,,,,,,,,,,,,,,,,,,,,,,,,,,,,,,,,,,,,,,,,,,,,,,,,,,,,,,,,,,,,,,,,,,,,,,,,,,,,,,,,,,,,,,,,,,,,,,,,,,,,,,,,,,,,,,,,,,,,,,,,,,,,,,,,,,,,,,,,,,,,,,,,,,,,,,,,,,,,,,,,,,,,,,,,,,,,,,,,,,,,,,,,,,,,,,,,,,,,,,,,,,,,,,,,,,,,,,,,,,,,,,,,,,,,,,,,,,,,,,,,,,,,,,,,,,,,,,,,9963
0.46384885551653143,,,,,0.4826026401840862,,0.21084534334504057,1.0,,,0.30288845827782485,,,,,,,,,0.36524766864478625,,,,,,,,,,,,,,0.3096766380041177,,,,,,,,,,,,,,,0.3026583504904929,,,,,,,,,,,,,,,,,,,,,,,,,,,,,,0.41713697468814337,,,,,,0.3040389972144847,,,,,,,,,,,,,,,,,,,,,,,,,,,,,,,,,,,,,,,,,,,,,,,,,,,,,,,,0.4422187235073271,,,,,,,,,,,,,,,,0.30576480561947433,,,,,,,,,,,,,,,,,,,,,,,,,,,,,,,,,,,,,,,,,,,,0.22050987041298292,,,,,,,,,,,,,,,,,,,,,,,,,,,,,,,,,,,,,,,,,,,,,,,,,,,,,,,,,,,,,,,,,,,,,,,,,,,,,,,,,,,,,0.7062674094707521,0.41276492672883613,0.38722296233498843,0.3705401477534213,0.30829599128012597,0.2100399660893787,0.2041722175124137,,,,,,,,,,,,,,,,,,,,,,,,,,,,,,,,,,,,,,,,,,,,,,,,,,,,,,,,,,,,,,,,,,,,,,,,,,,,,,,,,,,,,,,,,,,,,,,,,,,,,,,,,,,,,,,,,,,,,,,,,,,,,,,,,,,,,,,,,,,,,,,,,,,,,,,,,,,,,,,,,,,,,,,,,,,,,,,,,,,,,,,,,,,,,,,,,,,,,,,,,,,,,,,,,,,,,,,,,,,,,,,,,,,,,,,,,,,,,,,,,,,,,,,,,,,,,,,,,,,,,,,,,,,,,,,,,,,,,,,,,,,,,,,,,,9964
,,,,,,,,,,,,,,,,,,,,,,,,,,,,,,,,,,,0.24629281144147536,,,,,,,,,,,,,,,,,,,,,,,,,0.356714966754485,,,0.29694517626395683,,,,0.2926546230084055,0.8893394806172374,,1.0,,,,,,0.5218416760757747,,,,,,,,,,,,,,,,,,,,,,,,,,,,,,,,,,,,,,,,,,,,,,,,,,,,,,,,,,,,,,,,,0.2512388658888471,,,,,,,,,,,,,,,,,,,,,,,,,,,,,,,,,,,,,,,,,,,,,,,,,,,,,,,,,,,,,,,,,,,,,,0.24128716597666539,,,,,,,,,,,,,,,,,,,,,,,,,,,,,,,,,,,,,,,0.3228672688495797,,,,0.38758311378747956,,,,,,,,,,,,,,,,,,,,,,,,,,,,,,,,,,,,,,,0.7348199723999498,0.3956279011416384,0.38597415631664783,0.3455118554761008,0.268520260945929,0.25558901016183666,0.24587567431940788,0.24092961987203615,0.22346945176263955,,,,,,,,,,,,,,,,,,,,,,,,,,,,,,,,,,,,,,,,,,,,,,,,,,,,,,,,,,,,,,,,,,,,,,,,,,,,,,,,,,,,,,,,,,,,,,,,,,,,,,,,,,,,,,,,,,,,,,,,,,,,,,,,,,,,,,,,,,,,,,,,,,,,,,,,,,,,,,,,,,,,,,,,,,,,,,,,,,,,,,,,,,,,,,,,,,,,,,,,,,,,,,,,,,,,,,,,,,,,,,,,,,,,,,,,,,,,,,,,,,,,,,,,,,,,,,,,,,,,,,,,,,,,,,,,,,,,,,,,,9965
,,,,,0.1306921373200443,,,,0.3295293466223698,,,,,,,,,,,,,,,,,,,,,,,,,,,,,,,,,,,,,,,,,,,,,,,,,,,,,,,,,,0.7660243632336655,,,,,,,,,,,,,,,,,,,,,,,0.24078903654485045,,,,,,,,,0.1602547065337763,,,,,,,,,,,,,,,,,,,,,,,,,,,,,,,,,,,,,,,,,,,0.4803931339977851,,,,,,,,,,,,,,,,,,,,,,,,,,,,,,,,,,,,,,,,,,,,,,,,,,,,,,,,,,,,,,,,,,,,1.0,,,,,,,,,,0.20138981173864895,,,,,,,,,0.17119601328903652,,,,,,,,,,,,,,,,,,,,,,0.13963455149501663,,,,,0.177140088593577,,,,0.22058970099667774,,,0.13142857142857142,0.15078626799557032,,,0.18518826135105204,,,,,,,,,,,,,,,,,,,,,,,,,,,,,,,,,,,0.35477851605758576,0.2534136212624585,0.23410852713178293,0.15609911406423033,0.15594130675526024,,,,,,,,,,,,,,,,,,,,,,,,,,,,,,,,,,,,,,,,,,,,,,,,,,,,,,,,,,,,,,,,,,,,,,,,,,,,,,,,,,,,,,,,,,,,,,,,,,,,,,,,,,,,,,,,,,,,,,,,,,,,,,,,,,,,,,,,,,,,,,,,,,,,,,,,,,,,,,,,,,,,,,,,,,,,,,,,,,,,,,,,,,,,,,,,,,,,,,,,,,,,,,,,,,,,,,,,,,,,,,,,,,,,,,,,,,,,,,,,,,,,,,,,,,,,,,,,,,,,,,,,,,,,,,,,,,,,9966
,,,,,,,,,,,,,,,,,,,,,,,,,,,,,,,,,,,,,,,,,,,,,,,,,,,,,,,,,,,,,,,,,,,,,,,,,,,,,,,,,,,,,,,,,,,,,,,0.2658672480620155,,,,,,,,,,,,,,,,,,0.26034399224806204,,,,,,,,,,,,,,,,,,,,,,,,,,,,,,,,,,,,,,,,,,,,,,,,,,,,,,,,,,,,,,,0.6617005813953489,,,,,,,,,,,0.5383478682170543,,,,,,,,,,,,,,,,,,,,,,,,,,,,,,,,,,,,,,,,,,,,,,,,,,,,,,,,,,,,,,0.3399709302325581,0.7358042635658915,,,,0.6032461240310079,,,0.330765503875969,,,,,,,,,,,,,,,,,,,,,,,,,,,,,,,,,,,,,,,,,,,,,,,,,,1.0,0.541109496124031,0.4228197674418604,0.3616036821705426,0.31879844961240306,0.3164970930232558,0.29578488372093026,0.2778343023255814,0.24561531007751936,0.2433139534883721,0.2400920542635659,0.23318798449612405,,,,,,,,,,,,,,,,,,,,,,,,,,,,,,,,,,,,,,,,,,,,,,,,,,,,,,,,,,,,,,,,,,,,,,,,,,,,,,,,,,,,,,,,,,,,,,,,,,,,,,,,,,,,,,,,,,,,,,,,,,,,,,,,,,,,,,,,,,,,,,,,,,,,,,,,,,,,,,,,,,,,,,,,,,,,,,,,,,,,,,,,,,,,,,,,,,,,,,,,,,,,,,,,,,,,,,,,,,,,,,,,,,,,,,,,,,,,,,,,,,,,,,,,,,,,,,,,,,,,,,,,9967
,,,,,,,,,,,0.2696692070698881,,,,,,,,,0.57930111885844,0.413856007783363,,,0.36394519215177557,,,,,,,,,,,,,,,,,,,,,,,,,,,,,,,,,,,,,,,,,,,,,,,,,,,,,,,,,,0.43911950705367275,,,,,,,,,,,,,,,,,,,,,,,,,,,,,,,,,,,,,,,,,,,,,,,,,,,,,,,0.636143992216637,,,,,,,,,,,,,,,,,,,,,,,,,,,0.9756607750932382,,1.0,,,,,,,,,,,,,,,,,,,,,,,,,,,0.3058699529755148,,,,,,,0.6835900762120967,,,,,,,,,,,,,,,,,,,,,,,,,,,,,,,,,,,,,,,,,,,,,,,,,,,,,,,,,,,,,,,,,,,,,,,,,,,,,,,,,,,,,,,,,,,,,,,,,,,,,,,,,,,,,,,,,,,,,,,0.5424841900437815,0.459145451597211,0.4120074590562672,0.4087724987838495,0.3406842873358196,0.2887708772498784,0.27598508188746557,0.26304524079779473,0.259656234798119,0.25719150316199124,,,,,,,,,,,,,,,,,,,,,,,,,,,,,,,,,,,,,,,,,,,,,,,,,,,,,,,,,,,,,,,,,,,,,,,,,,,,,,,,,,,,,,,,,,,,,,,,,,,,,,,,,,,,,,,,,,,,,,,,,,,,,,,,,,,,,,,,,,,,,,,,,,,,,,,,,,,,,,,,,,,,,,,,,,,,,,,,,,,,,,,,,,,,,,,,,,,,,,,,,,,,,,,,,,,,,,,,,,,,,,,,,,,,,,,,,,,,,,,,,,,,,,,,,,,,,,9968
,,,,,,,,,,,,,,,,,,,,,,,,,,,,,,,,,,,,,,,,,,,,,,,,,,,,,,,,,,,,,,,,,,,,,,,,,,,,,,,,,,,,,,,,,,,,,,,,,,,,,,,0.13515346975088965,,,,,,,,,,,,,,,,,0.18047709074733098,,,,,,,,,,0.12025689501779359,,,,,,,,,,,,,,,,,,,,,,,,,,,,,,,,,,,,,,,,,,,,,,,,,,,,,,,,,,,,,,,,,,0.23256227758007114,,,,,,,,,,,,,,,,,,,,,,,,,,,,,,,,,,,,,,,,,,,,,,,,,,,,,,,,,,,,,,,,,,,,,,,,,,,0.16431272241992884,,,,,,,,,,,,,,,,,,,,,,,,,,,,,,,,,,,,,,,,,,,,,,,,,,,,,,,,,,1.0,0.20202958185053382,0.194105871886121,0.18671040925266902,0.18301267793594306,0.16927824733096086,0.15543816725978649,0.1448732206405694,0.14360542704626333,0.1375834074733096,0.13483652135231317,0.13378002669039146,0.12881450177935944,0.11772130782918148,0.11508007117437723,,,,,,,,,,,,,,,,,,,,,,,,,,,,,,,,,,,,,,,,,,,,,,,,,,,,,,,,,,,,,,,,,,,,,,,,,,,,,,,,,,,,,,,,,,,,,,,,,,,,,,,,,,,,,,,,,,,,,,,,,,,,,,,,,,,,,,,,,,,,,,,,,,,,,,,,,,,,,,,,,,,,,,,,,,,,,,,,,,,,,,,,,,,,,,,,,,,,,,,,,,,,,,,,,,,,,,,,,,,,,,,,,,,,,,,,,,,,,,,9969
,,,,,,,,,,,,,,,,,,,,,,,,,,,,,,,,,,,,,,,,,,,,,,,,,,,,,,,,,,,,,,,,,,,,,,,,,,,,,,,,,,,,,,,,,,,,,,,,,,,,,,,,,,,,,,,,,,,,,,,,,,,,,,,,,,,,,,,,,,,,,,,,,,,,,,,,,,,,,,,,,,,,,,,,,,,,,,,,,,,,,,,,,,,,,,0.26102394715111477,,,,,,,,,,,,,,,,,,,,,,,,,,,,,,0.5944260941370768,0.5838356729975227,,,0.3665359207266721,,,,,0.34535507844756397,,,,,,,,,,,,,,,,,,,,,,,,,,,,,,,,,,0.268476465730801,,,,,0.3520231213872832,0.26926094137076795,,,,,,,,,,,,,,,,,,,,,,,,,,,,,,,,,,,1.0,0.2319983484723369,,,,,,,,,,,,,,,,,,,,,,,,,,,,,,,,,,,,,,,0.5571635012386458,0.3029933938893476,0.29710982658959534,0.2778901734104046,0.24925681255161025,0.23592072667217173,0.21866226259289845,0.20689512799339388,0.17394715111478115,0.1731626754748142,,,,,,,,,,,,,,,,,,,,,,,,,,,,,,,,,,,,,,,,,,,,,,,,,,,,,,,,,,,,,,,,,,,,,,,,,,,,,,,,,,,,,,,,,,,,,,,,,,,,,,,,,,,,,,,,,,,,,,,,,,,,,,,,,,,,,,,,,,,,,,,,,,,,,,,,,,,,,,,,,,,,,,,,,,,,,,,,,,,,,,,,,,,,,,,,,,,,,,,,,,,,,,,,,,,,,,,,,,,,,,,,,,,,,9970
,,,,,,,,0.2442439862542955,,,,,,,,,,,,0.208100147275405,,,,,,,,,,,,,,,,,,,,,,,,,,,,,,,,,,,,,,,,0.23468335787923417,,,,,,,,,,,,,,,,,,,,,0.43592292587137943,,,,,,,,,,,,,,,,,,,,,,,,,,,0.22395679921453115,,,,,,,,,,,,,,,,,,,,,,,,,,0.2386475208640157,,,,,,,1.0,,,,,,,,,,,,,,,,,,,,,,,,,,,,,,,,,,,,,,,,,,,,,,,,,,,,,,,,,,,,0.2978767795778105,,,,,,,,,,,,,,,,,,,,,,,,,,,,,,,,,,,,,,,,,,,,,,,,,,,,,,,,,,,,,,,,,,,,,,,,,,,,,,,,,,,,,,,,,0.37086401570937655,,,,,,,,,,,,,,,,,,,,,,,,,,,,,,,,,,,,,,,,,,,,,,,,,,,,,,,,,,,,,,,,0.5494845360824743,0.3445139911634757,0.28015463917525774,0.25427098674521353,0.2377147766323024,0.23375061364752087,0.21439617083946982,0.2062346588119784,0.2043691703485518,0.19830633284241533,0.1901448208149239,,,,,,,,,,,,,,,,,,,,,,,,,,,,,,,,,,,,,,,,,,,,,,,,,,,,,,,,,,,,,,,,,,,,,,,,,,,,,,,,,,,,,,,,,,,,,,,,,,,,,,,,,,,,,,,,,,,,,,,,,,,,,,,,,,,,,,,,,,,,,,,,,,,,,,,,,,,,,,,,,,,,,,,,,,,,,,,,,,,,,,,,,,,,,,,,,,,,,,,,,,,,,,,,,,,,,,,,,,9971
,,,,,,,,,,,,,,,,,,,,,,,,,,,,,,,,,,,,,,,,,,,,,,,,,,,,,,,,,,,,,,,,,,,0.7068483262654516,,,,,,,,,,,,,,,,,,,,,,,,,,,,,,,,,,,,,,,,,,,,,,,,,,,,,,,,,,,,,,,,,,,,,,,,,,0.7075340611747721,,,,,,,,,,,,,,,,,,,,,,,,,,,,,,,,,,,0.29686456735540917,,,,,,,,,,,,,,,0.24569159974736082,,,,,,,,,,,,,,,,,,,,,,,,,,,,,,,,,,,,,,,,,,,,,,,,,,,,0.8947396914192908,,,,0.1820896869078769,,0.17874672922493906,0.18928990345574304,,,,,,0.2369484796535234,,,,,,,0.17291798249571416,,,,,,,,,,,,,,,0.5854732473157088,,,,,,,,,,,,,,,,,,,,,,,,0.19580438509428855,,,0.4133537850762429,,,,,,,,,,,,,,,,,,,,,,,,,,,,,,,,,,,,,,,,,,,,,,,,,1.0,,,,,,,,,,,0.6842190742578724,0.5158711540196698,0.23026256428764774,0.22040512496616438,0.2159478480555806,0.2110619868266715,,,,,,,,,,,,,,,,,,,,,,,,,,,,,,,,,,,,,,,,,,,,,,,,,,,,,,,,,,,,,,,,,,,,,,,,,,,,,,,,,,,,,,,,,,,,,,,,,,,,,,,,,,,,,,,,,,,,,,,,,,,,,,,,,,,,,,,,,,,,,,,,,,,,,,,,,,,,,,,,,,,,,,,,,,,,,,,,,,,,,,,,,,,,,,,,,,,,,,,,,,,,,,,,,,,,9972
,,,,,0.07552957235382343,,,,,,,,,,,,,,,,,,,,,,,,,,,,,,,,,,,,,,,,,,,,,,,,,,,,,,,,,,,,,,,,,,,,,,,,,,,,,,,,,,,,,,,,,,0.1047839861589363,,,,,,,,,,,,,,,,,,,,,,,,,,,,,,,,,,,,,,,,,,,,,,0.09356677021250301,,,,0.15997354244723938,,,,,,,,,,,,,,,,,,,,,,,,,,,,,,,1.0,,,,,,,,,0.07147920750922644,,,,,,,,,,,,,,,,,,,,,,,,,,,,,,,,,,,,,,,,,,,,,,,,,,,,,,,,,,0.094191134753765,,,,,,,,,,0.07023581487577309,,,,,,,,,,,,,,,,,,,,,,,,,,,,,,,,,,0.06857084276574113,,,,,,,,,,,,,,,,,,,,,,,,,,,,,,,,,,,,,,,,,,,,,,,,,,,,,,,,,,,,,,,,,,,,,,,,,,,,,0.07649546963560479,,,,,,,0.1065983788429455,0.10486403289499553,0.09550390122513636,0.08358227400138185,0.08102611489655714,0.07697575005196017,0.07445694609062976,0.07271726369360917,0.07035855320439724,0.06987293633897125,,,,,,,,,,,,,,,,,,,,,,,,,,,,,,,,,,,,,,,,,,,,,,,,,,,,,,,,,,,,,,,,,,,,,,,,,,,,,,,,,,,,,,,,,,,,,,,,,,,,,,,,,,,,,,,,,,,,,,,,,,,,,,,,,,,,,,,,,,,,,,,,,,,,,,,,,,,,,,,,,,,,,,,,,,,,,,,,,,,,,,,,,,,,,,,,,,,,,,,,,,9973
,,,,,,,,,0.30746869409660105,,,,,,,,,,,,,,,,,,,,,,,,,,,,,,,,,,,,,,,,,,,,,,,,,,,1.0,,,,,,0.4179338103756708,0.5385957066189624,0.32361359570661896,,,,,,,,0.614221824686941,,,,,,,,,,,,,,,,,,,,,,,,,,,,,,,,,,,,,,,,,,,,,,,,,,,,,,,,,,,,,,,,,0.42728085867620746,,,,,,,,,,,,,,,,,,,,,,,,,,,,,,,,,,,,,,,,,,,,,,,,,,,,,,,,,,,,,,,,,,,,,0.5487924865831842,,,,,,,,,,0.3703488372093023,,,,,,,,,,0.4723166368515206,,,,,,,,,,,,,0.776520572450805,,,,,,,,,,0.3448568872987477,0.4961091234347048,,,,,,,,,,0.4604203935599284,,,,,,,,,,,,,,,,,,,,,,,,,,,,,0.7459302325581395,,,,,,,,,,,,,,,,,,,,,,,,,,,,,,,,,,,,,,,,,,,,,,,,,,,,,,,,,,,,0.6728533094812165,,,,,,,,,,,,,,,,,,0.40348837209302324,,,,,,,,,,0.7586762075134168,0.6448121645796064,0.33381037567084076,,,,,,,,,,,,,,,,,,,,,,,,,,,,,,,,,,,,,,,,,,,,,,,,,,,,,,,,,,,,,,,,,,,,,,,,,,,,,,,,,,,,,,,,,,,,,,,,,,,,,,,,,,,,,,,,,,,,,,,,,,,,,,,,,,,,,,,,,,,,,,,,,,,,,,,,,,,,,,,,,,,,,,,,,,,,,,,,,,,,,,,,,,,,,,,,,,,,,,,9974
,,,,,,,,,,,,,,,,,,,,,0.1093346911065852,,,,,,,,,,,,,,,,,,,,,,,,,,,,,,,,,,,,,,,,,,,,,,0.18995247793618464,,,,,,,,,,,,,,,,,,,,,,,,,,,,,,,,,,,,,,,,,,,,,,,,,,,,,,,,,,,,,,,,,,,,,,,,,,,,,,,,,,,,,,,,,,,,,,,,,,,,,,,,,,,,,,,,,,,,,,,,,,,,,,,,,,,,,,,,,,0.11062457569585879,,,,,,,,,,,,,,,0.23251866938221316,0.11255940257976918,,,0.16608961303462322,,,,,0.11900882552613715,,,,,,,,,,,,,,,,,0.4189069925322471,,,,,,,,,,,,,,,,,,,,,0.15254582484725052,,,,,,,,,,,,,,,,,,,,,,,,,,,,,,,,,,,,,,,,,,,,,,,,,,,,,,,,,,,,,,,,,,,,,,,,,,,,,,,,,,,,,,,,,,,,,,,,,,,,,,,,,,,,,,,,,,,,,1.0,0.2950780719619823,0.20930074677528854,0.17576374745417517,0.15061099796334013,0.14738628649015614,0.14093686354378818,0.12674813306177868,0.12029871011541073,0.11836388323150034,0.1080448065173116,,,,,,,,,,,,,,,,,,,,,,,,,,,,,,,,,,,,,,,,,,,,,,,,,,,,,,,,,,,,,,,,,,,,,,,,,,,,,,,,,,,,,,,,,,,,,,,,,,,,,,,,,,,,,,,,,,,,,,,,,,,,,,,,,,,,,,,,,,,,,,,,,,,,,,,,,,,,,,,,,,,,,,,,,,,,,,,,,,,,,,,,,,,,9975
,,,,,0.25802024594062095,,,,,,,,,,,,,,,0.4636524220395407,,,0.2997146545281609,0.43841633263129287,,,,,,,,,,,,,,,,,,,0.1512670697737618,,,,0.37096949521027245,,,,,,,,,,0.18470004755757863,,,,,,,,,,,,,,,,,,,,,,,,0.21864936476662816,,,,,,,,,,,,,,,,,,,,,,,,,,,,,,,,,,,,,,,,,,,,,,,,,,,,,,,,,,,,0.475076431822814,,,,,,,,,,,,,,,,,,,,,,,,,0.2039982335756505,,,,,,,,,,,,,,,,0.464620558461852,,,,,,,,,,,,,,0.18502275969834908,,0.42563693185678375,,,,,,,,,,,,,,,,,,,,,,,,,,,,,,,,,,,,,,,,,,,,,,,,,,,,,,,,,,,,,,,,,,,,,,,,,,,,,,,,,,,,,,,,,0.4844996263333107,,,0.2590529247910863,,,,,,,,,,,,,,,,,,,,,,,,,,,,,,,,,,,,,,,,,,,,,,,,,,,,,,,,,,,,,,,,,,,,,,,,,,0.26576533731911134,,,,,,,,1.0,,,,,,,,,,,,,,,,,,,,,,,0.21781031320062505,0.16152931585026156,0.15636592159793464,,,,,,,,,,,,,,,,,,,,,,,,,,,,,,,,,,,,,,,,,,,,,,,,,,,,,,,,,,,,,,,,,,,,,,,,,,,,,,,,,,,,,,,,,,,,,,,,,,,,,,,,,,,,,,,,,,,,,,,,,,,,,,,,,,,,,,,,,,,,,,,,,,,,,,,,,,,,,,,,,,,,,,,,,,,,,,,,,,,,,,,,,9976
,,,,,,,,,,,,,,,,,,,,,,,,,,,,,,,,,,,,,,,,,,,,,,,,,,,,,,,,,,,,,,,,,,,0.6572652541391687,,,,,,,,,,,,,,,,,,,,,,,,,,,,0.2807629964107908,,0.3003415537802478,,,,,,,,,,,,,,,,,,,,,,,,,,,,,,,,,,,,,,,,,,,,,,,,0.30122148894292,,,,,,,,,,,,,,,,,,,,,,,,,,,,0.787715642005326,,,,,,,,,,,,,,,,,,,,,,,,,,,,,,,,,,,,,1.0,,,,,,,,,,,,,,,0.4449808961444946,,,,,,0.3530276716452472,,,0.32178997337038323,0.2672339932847053,,,,,,,,,,,,,,,,,,,,0.25755470649531087,,,,,0.27196364478406854,,,,,,,,,,,,,,,,,,,,,,,,,,,,,,,,,,,,,,,,,,,,,0.3396086604144958,,,,,,,,0.4618096561306009,,,,,,,,,,,,,,,,,,,,,,,,,,,,,,,,,,,,,,,,,,,,,,,,,,,,,,,,,,,,,,,,,,,0.2961618617575547,,,,,,,,,,,,,,,,,,0.46092972096792867,0.42958203079773066,0.2754833854347574,0.25876461734398515,0.24699548454324416,,,,,,,,,,,,,,,,,,,,,,,,,,,,,,,,,,,,,,,,,,,,,,,,,,,,,,,,,,,,,,,,,,,,,,,,,,,,,,,,,,,,,,,,,,,,,,,,,,,,,,,,,,,,,,,,,,,,,,,,,,,,,,,,,,,,,,,,,,,,,,,,,,,,,,,,,,,,,,,,,,,,,,,,,,,,,,,,,,,,9977
0.46947445972495083,,,,,,,,0.2979985265225933,,,,0.4543099214145383,,,,,,,,,,,,,,,,,,,,,,,,,,,,,,,,,,,,,,,,,,,,,,,,,,,,,,,0.7680992141453832,,,,,,,,,,,,,,,,,,,,,,,,,,,,,,,,,,,,,,,,,,,,,,,,,,,,,,,,,,,,,,,,,,,,,,,,,,0.968737721021611,,,,,,,,,,,,,,,,0.24433939096267188,,,,,,,,,0.3164292730844794,,,,,,,,,,,,,,,,0.48860510805500984,,,,,,,,,,,,,,,,,,,,,,,,0.3819867387033398,,,,,0.7743983300589391,,,,,,,,,,,,1.0,,,,,,0.7848968565815325,0.4949042239685658,,,,,,,,,,,0.694142927308448,,,0.4816060903732809,,,,,,,,,,,,,,,,,,,,0.4578094302554027,,,,0.28866650294695484,,,,,,,,,,,,,,,,,,,,,,,,,,,,,,,,,,0.6050221021611002,,,,,,,,,,,,,,,,,,,,,,,,,,,,,,,,,,,,,,,,,,,,,,,,,,,,,,,,,,,,,,,,,,,,,,,,,,,,,,,,,0.6668467583497053,,,,,,,,,,,,,,,,,,,,0.25973722986247544,,,,,,,,,,,,,,,,,,,,,,,,,,,,,,,,,,,,,,,,,,,,,,,,,,,,,,,,,,,,,,,,,,,,,,,,,,,,,,,,,,,,,,,,,,,,,,,,,,,,,,,,,,,,,,,,,,,,,,,,,,,,,,,,,,,,,,,,,,,,,,,,,,,,,,,,,,,,,,,,,,,,,,,,,,,,,,,,,,,9978
,,,,,,,,,0.17536667422696,,,,,,,,,,,,,,,,,,,,,,,,,,,,,,,,,,,,,,,,,,,,,,,,,,,,,,,,,,1.0,,,,,,,,,,,,,,,,,,,,,,,,,,,,,,0.24769222045815376,,,,,,,,0.22542715657367507,,,,,,,,,,,,,,,,,,,,,,,,,,,,,,,,,,,,,,,,,,,,,,,,,,,,,,,,,,,,,,,,,,,,,,,,,,,,,,,,,,,,,,,,,,,,,,,,,,,,,,,,,0.2600098283813412,,,,,,,,,,0.28504006955469874,,,,,,,,,,0.16060709155515235,,,,,,,,,,,,,,,,,,,,,,,0.15935019278748014,,,0.36720533756709756,,,,,,,,,,,0.3651942995388221,,,,,,,,,,,,,,,,,,,,,,,,,,,,,,,,,,,,,0.4465336055038935,,,,,,,,,,,,,,,,,,,,,,,,,,,,,,,,,,,,,,,,,,,,,,,,,,,,,,,,,,,,,,,,,,,,,,,,,,,,,,,0.14577568609662056,,,,,,,,,,,,,,,,,,,,,0.23052657443108793,0.2251039540334165,0.20334164965600665,0.1894439404248885,0.16793301580101308,0.15694412943222197,0.15482535722386026,0.1464939139638618,,,,,,,,,,,,,,,,,,,,,,,,,,,,,,,,,,,,,,,,,,,,,,,,,,,,,,,,,,,,,,,,,,,,,,,,,,,,,,,,,,,,,,,,,,,,,,,,,,,,,,,,,,,,,,,,,,,,,,,,,,,,,,,,,,,,,,,,,,,,,,,,,,,,,,,,,,,,,,,,,,,,,,,,,,,9979
,,,,,,,,,,,,,,,,,,,,,,,,,,,,,,,,,,0.09052385406922357,,,,,,,,,,,,,,,,,,,,,,,,,0.0962114125350795,,,,,,,,,,,,,,,,0.09816651075771748,,,,,,,,,,,,,,,,,,,,,,,,,,,,,,,,,,,,,,,,,,,,,,,,,,,,,,,,,,,,,,,,,,1.0,,,,,,,,,,,,,,,,,,,,,,,,,,,,,,,,,,,,,,,,,,,,,,,,,,,,,,,,,,,,0.11096351730589336,,,,,,,,,,,,,,,,,,,,,,,,,,,,,,,,0.08483629560336764,,,,,,,,,,,,,,,,,,,,,0.14793264733395695,,,,,,,,,,0.09638914873713751,,,0.11860617399438728,,,,,,,,,,,,,,,,,,,,,,,,,,,,,,,,,,,,,,,,,,,,,,,,,,,,,,,,,,,,,,,,,,,,,,,,,,,,,,,,,,,,,,,0.19396632366697847,,,,,,,,,,,,,,,,,,,,0.09603367633302151,,,,,,,,,,,,,,,,,,,,,,,,,,,,,,,,,,,,,0.10509822263797941,0.17210477081384473,0.15148737137511692,0.11771749298409728,0.11131898971000936,0.10918615528531338,0.09603367633302151,0.09532273152478953,0.08519176800748363,,,,,,,,,,,,,,,,,,,,,,,,,,,,,,,,,,,,,,,,,,,,,,,,,,,,,,,,,,,,,,,,,,,,,,,,,,,,,,,,,,,,,,,,,,,,,,,,,,,,,,,,,,,,,,,,,,,,,,,,,,,,,,,,,,,,,,,,,,,,,,,,,,,,,,,,,,,,,,,,,,,9980
,,,,,,,,,,,,,,,,,,,,0.15901639344262294,,,,,,,,,,,,,,,,,,,,,,,,,0.11229508196721312,,,,,,,,,,,,,,,,,,,,,,,,,,,,,,,,,,,,,,,,,,,,,,,,,,,,,,,,,,,,,,,,,,,,,,,,,,,,,,,,,,,,,,,,,,,,,,,,,,,,,,,,,,,,,,,,,,,,,,,,,,,,,,,,,,,,,,,,,,,,,,,,,0.9299180327868852,,,,,,,,,,,,,,,,,,,,,,,,,,,,,,,,,,,,,,,,,,,,,,,,0.2719262295081967,,,,,,,,,,,,,,,,,,,,,,,,,,,,,,,,,,,,,0.23688524590163934,,,,,,,,,,,,,,,,,,,,,,,,,,,,,,,,,,,,,,,,,,,,,,,,,,,,,,,,,,,,,,,,,,,,,,,,,,,,,,,,,,,,,,,,,,,,,,,,,,,,,,,,,,,,,,,,,,0.26024590163934425,,,,,,,,,,,,0.12786885245901639,,,,,,,,,,,,,,,,,,,1.0,0.5561475409836066,0.26024590163934425,0.2524590163934426,0.23688524590163934,0.16680327868852457,0.14344262295081966,0.12397540983606557,0.12397540983606557,0.12397540983606557,0.12397540983606557,0.12008196721311475,0.11618852459016393,,,,,,,,,,,,,,,,,,,,,,,,,,,,,,,,,,,,,,,,,,,,,,,,,,,,,,,,,,,,,,,,,,,,,,,,,,,,,,,,,,,,,,,,,,,,,,,,,,,,,,,,,,,,,,,,,,,,,,,,,,,,,,,,,,,,,,,,,,,,,,,,,,,,,,9981
,,,,,0.5704152249134948,,,,0.30233564013840825,,,,,,,,,,,0.31340830449826984,,0.3736159169550173,,,,,,,,,,,,0.40129757785467124,,,,,,,,,,,,,,,,,,,,,,,,,,,0.36219723183391,,,,,,0.7131487889273357,,,,,,,,,,,,,,,,,,,,,,,,,,,,,,,,0.45415224913494806,,,,,,,,,,,,,,,,,,,,,,,,,,,,,,,,,,,,,,,,,,,,,,,,,,,,,,,,,,,,,,,,,,,0.27257785467128026,,,,,,,,,,,,,,,,,,,,,,,,,,,,,,,,,,,,,,,,,,,,,,,,,,,,,,,,,,,,,,,,,,,,,,,,,,,,,,,,,,,,,,,,,,0.28304498269896194,,,,,,,,,,,,1.0,,,,,,,,,,,,,,,,,,,,,,,,,,,,,,,,,,,,,,,,,,,,,,,,,,0.443598615916955,,,,0.2916089965397924,,,,,,,,,,,,,,,,,,,,,,,,,,,,,,,,,,,,,,,,,,,,0.6126297577854671,,,,,,,,,,,,,,,,,,,,,,,,,,,,,,,,,,,,,,,,,,,,,,,,,,,,,,,,,,,,,,,,,,,0.6216262975778547,0.4955017301038062,0.45622837370242214,0.3556228373702422,0.3508650519031142,0.31098615916955014,,,,,,,,,,,,,,,,,,,,,,,,,,,,,,,,,,,,,,,,,,,,,,,,,,,,,,,,,,,,,,,,,,,,,,,,,,,,,,,,,,,,,,,,,,,,,,,,,,,,,,,,,,,,,,,,,,,,,,,,,,,,,,,,,,,,,,,,,,,,,,,,9983
,,,,,,,,,,,,,,,,,,,,,,,,,,,,,,,,,,,,,,,,,,,,,,,,,,,,,,,,,,,,,,,,,,,1.0,,,,,,,,,,,,,,,,,,,,,,,,,,,,,,,,,,,,,,,,,,,,,,,,,,,,,,,,,,,,,,,,,,,,,,,,,,,,,,,,,,,,,,,,,,,,,,,,,,,,,,,,,,,,,,,,,,,,,,,,,,,,,,,,,,,,,,,,,,,0.05,,,,,,,,,,,,,,,,,,,,,,,,,,,,,,,,,,,,,,,,,,,,,,,,,,,,,,,,,,0.4439024390243902,,,,,,,,,,,,,,,,,,,,,,,,,,,,,,,,,,,,,,,,,,,,,,,,,,,,,,,,,,,,,,,,,,,,,,,,,,,,,,,,,,,,,,,,,,,,,,,,,,,,,,,,,,,,,,,,,,,,,,,,,,,,,,,,,,,,,,,,,,,,,,,,,,,,,,,,,,,,,,,,,,,0.05,,,,,,,,,,,,0.16585365853658535,0.07317073170731708,0.07317073170731708,0.07317073170731708,0.07317073170731708,0.07317073170731708,0.07317073170731708,0.05,0.05,0.05,0.05,0.05,0.05,0.05,0.05,0.05,,,,,,,,,,,,,,,,,,,,,,,,,,,,,,,,,,,,,,,,,,,,,,,,,,,,,,,,,,,,,,,,,,,,,,,,,,,,,,,,,,,,,,,,,,,,,,,,,,,,,,,,,,,,,,,,,,,,,,,,,,,,,,,,9984
,,,,,,,,,,,,,,,,,,,,,,,,,,,,,,,,,,,,,,,,,,,,,,,,,,,,,,,,,,,,,,,,,,,0.8922288855572214,,,,,,,,,,,,,,,,,,,,,,,,,,,,,,,,,,,,,,,,,,,,,,,,,,,,,,,,,,,,,,,,,,,,,,,,,,0.7308095952023987,,,,,,,,,,,,,,,,,,,,,,,,,,,,,,,,,,,1.0,,,,,,,,,,,,,,,,,,,,,,,,,,,,,,,,,,,,,,,,,,,,,,,,,,,0.5209645177411294,,,,,,,0.3035232383808096,,,,,,,,,0.6562718640679661,,,,,,,,0.42648675662168917,,,,,0.5124187906046976,,,,0.5793603198400801,,,,,,,,,,,,,,,,,,0.8827336331834084,,,,,,,,,,,,,,,,,,,,,,,,,,,0.5679660169915042,,,,,,,,,,,,,,,,,,,,,,,,,,,,,,,,,,,,,,,,,,,0.34150424787606193,0.46399300349825084,,,,,,,,,,,,,,,,,0.6268365817091455,,,,,,,,,,,,,,,,,,,,,,,,,,,,,,,,,,,,,,,,,,,,,,,,,,,,,,,,,,,,,,,,,,,,,,,,,,,,,,,,,,,,,,,,,0.4616191904047976,0.4374062968515742,0.37236381809095453,0.3282108945527236,0.326311844077961,0.27456271864067966,,,,,,,,,,,,,,,,,,,,,,,,,,,,,,,,,,,,,,,,,,,,,,,,,,,,,,,,,,,,,,,,,,,,,,,,,,,,,,,,,,,,,,,,,,,,,,,,,,,,,,,,,,,,,,,,,,,,,,,,,,9985
,,,,,,,,,,,,,,,,,,,,,,,,,,,,,,0.22316854242905476,,,,,,,,,,,,,,,,,,,,,,,,,,,,,,,,,,,,,0.23071186908789615,0.1455050749154181,,,,,,,,,,,,,,,,,,,,,,,,,,,,,,,,,,,,,,,,,,,,,,,,,,,,,,,,,,,,,,,,,,,,,,,,,,,,,,,,,,,,,,,,,,,,,,,,,,,,,,,,,,,,,,,,,,1.0,,,,,,,,,,,0.15258924256024303,,,,,,,,0.21254229096181732,,,,,,,,,,,,,,,,,,,,,,0.24697921701304976,,,,,,,,,,,,,,,,,,,,,,,,,,,,,,,,,,,,,,,,,,,,,,,,,,0.19496306013947384,,,,,,,,,,,,,,,,,,,,,,,,,,,,,,,,,,,,,,,,,,,,,,,,,,,,,,,,,,,,,,,,,,,,,,,,,0.15324518400883796,,,,,,,,,,,,,,,,,,,,,,,,,,,,,,,,,,,,,,,,,,,,,,,,,,,,,,,,,,,,,,,,,0.13933922529862597,,,,,,,,,,,,,,,,,,,,,,,,,,,,,,,,,,,,,,,,,,,,,,,,,,0.19089622315818544,0.17049644410688392,0.16472415935924878,0.15258924256024303,0.15206448940136713,0.14491472761168267,0.14065110819581578,0.13140233377062763,0.12497410757439757,0.11802112821929157,,,,,,,,,,,,,,,,,,,,,,,,,,,,,,,,,,,,,,,,,,,,,,,,,,,,,,,,,,,,,,,,,,,,,,,,,,,,,,,,,,,,,,,,,,,,,,,,,,,,,,,,,,,,,,,,9986
,,,,,,,,,,,,,,,,,,,,,,,,,0.43759999999999993,,,,,,,,,,,,,,,,,,,,,,,,,,,,,,,,,,,,,,,,,,,,,,,,,,,,0.5592,,,,,,,,,,,,,,,,,0.4857333333333333,,,,,,,,,0.5921333333333333,,0.7416,,,,,,,,,,,,,,,0.6352,,,,,,,,,,,,,,,,,,,,,,,,,,,,,,,,,,,,,,,,,,,,,,,,,,,,,,,,,,,,,,,,,,,,,,,,,,,,0.7872,,,,,,,,,,,,,,,,,,,,,,,,,,,,,,,,,,,,,,,,,,,,,,,,,,,,,,,,,,,,,,,,,,,,,,,,,,,0.5237333333333333,,,,,,,,,,,,,,,,,,,,,,,,,,,,,,,,,,,,,,,,,,,,,,,,,,,,,,,,,,,0.6048,,,0.47559999999999997,,0.7948000000000001,,,,0.48319999999999996,,0.43759999999999993,,0.6123999999999999,,,,,,,,,,,,,,,,,,,,,,,,,,,,,,,,,,,,,,,,,,,,,,,,,,,,,,,0.5389333333333334,,,,,,,,,,,,,,,,,,,,,,,,,,,,,,,,,,,,,,,,,,,,,,,,,,,,,,,,,,,,,,,,,,,,,,,,,1.0,0.7922666666666667,0.7568,0.5693333333333334,0.4882666666666666,,,,,,,,,,,,,,,,,,,,,,,,,,,,,,,,,,,,,,,,,,,,,,,,,,,,,,,,,,,,,,,,,,,,,,,,,,,,,,,,,,,,,,,,,,,,,,,,,,,,,,,,,,,9987
,,,,,,,,,,,,,,,,,,,,,,,,,,,,,,,,,,,,,,,,,,,,,,,,,,,,,,,,,,,,,,,0.21654492330168007,,,0.3060628195763331,1.0,,,,,,,,,,,,,,,,,,,,,,,,,,,,,,,,,,,,,,,,,,,,,,,,,,,,,,,,,,,,,,,,,,,,,,,,,,,,,,,,,,,,,,,,,,,,,,,,,,,,,,,,,,,,,,,,,,,,,,,,,,,,,,,,,,,,,,,,,,,,,,,0.6967494521548576,,,,,,,,,,,,,,,,,,,0.779327976625274,,,,,,,,,,,,,0.2151570489408327,,0.17213294375456537,,,,,,0.2595690284879474,,,0.20474799123447773,,,0.20266617969320672,,,,,,,,0.3254930606281957,,,0.3705989773557341,,,,,,,,,,,,,,,,,,,,,,,,,,,,,,,,,,,,,,,,,,,,0.1610299488677867,,,,,,,,,,,,,,,,,,,,,,,,,,,,,,,,,,,,,,,,,,,,,,,,,,,,,,,,,,,,,,,,,,,,,,,,,,,,,,,,,,,,,,,,,,,,,,0.18462381300219138,,,,,,,,,,,,,,,,,,,,,,,,,,,,,,,,,,,,,,,,,,,,,,,,,,,,,,,,,,,,,,,,,,,,,,,0.5572680788897005,0.4032140248356464,0.23805697589481373,0.1943389335281227,0.17629656683710737,0.17421475529583635,,,,,,,,,,,,,,,,,,,,,,,,,,,,,,,,,,,,,,,,,,,,,,,,,,,,,,,,,,,,,,,,,,,,,,,,,,,,,,,,,,,,,,,,,,,,,,,,,,,,,9988
,,,,,,,,,0.7099840000000001,,,,,,,,,,,,,,,,,,,,,,,,,,,,,,,,,,,,,,,,,,,,,,,,,,1.0,0.39982799999999996,0.438208,,,,,,,0.30232,0.751404,0.68346,,,0.886988,,,0.329604,,,,,,,,,,,,,,,,,,,0.297532,,,,,,,,,,,,,,,,,,,,,,,,,,,,,,,,,,,,,,,,,,,,,,0.9555400000000001,,,,,,,,,,,,,,,,,,,,,,,,,,,,,,,,,,,0.592032,,,0.488672,,,,,,,,,,,,,,,,,,,,,,,,,,,,,,,,,,,,,,,,,,,,,,,,,,,,,,,,,,,,,,,,,,,,,,,,,,,0.297228,,,,,,,,,,,,,,,,,,,,,,,,,,,,,,,,,,,,,,,,,,,,,,,,,,,,,,,,,,,,,,,,,,,,,,,,,,,,,,,,,,,,,,,,,,,,,,,,,,,,,,,,,,,,,,,,,,,,,,,,,,,,,,,,,,,,,,,,,,,,,,,,,,,,,,,,,,,,,,,,,,,,,,,,,,,,,,,,,,,,,,,,,,,,,,,,,,,,,,,,,,,,,,,,,,,,,,,,,,,,,,,,,,,,0.51322,0.42946799999999996,0.330516,0.310984,0.3046,0.30194,,,,,,,,,,,,,,,,,,,,,,,,,,,,,,,,,,,,,,,,,,,,,,,,,,,,,,,,,,,,,,,,,,,,,,,,,,,,,,,,,,,,,,,,,,,,,,,9989
,,,,,,,,,0.23098591549295772,,,,,,,,,,,,,,,,,,,,,,,,,,,,,,,,,,,,,,,,,,,,,,,,,,,,,,,,,,,,,,,,,,,,,,,,,,,,,,,,,,,,,,,,,,,,,,,,,,,,,,,,,,,,,,,,,,,,,,,,,,,,,,,,,,,,1.0,,,,,,,,,,,,,,,,,,,,,,,,,,,,,,,,,,,0.7781690140845071,,,,,,,,,,,,,,,,,,,,,,,,,0.14964788732394368,,,,,,,,,,,,,,,,,,,,,,,,,,,,,,,,0.2591549295774648,,,,,,0.16408450704225352,,,,,,,,,,,0.20035211267605635,,,,,,,,,,,,,,,,,0.1693661971830986,,,,,,,,,,,,,,,,,,,,,,,,,,,,,,,,,,,,,,,,,,,,,,,,,,,,,,,,,,,,,,,,,,,,,,,,,,,,,,,,,,,,,,,,,,,,,,,,,0.3767605633802817,,0.20422535211267606,,,,,,,,,,,,,,,,,,,,,,,,,,,,,,,,,,,,,,,,,,,,,,0.1609154929577465,0.17183098591549295,,,,,0.15950704225352114,,,,,,,,,,,,,,,,,,,,,,,,,,,,,,,,,,,,,,,,,,,,,,,,,,,,,,,,,,,,,,,,,,,,,,0.302112676056338,0.20035211267605635,0.17570422535211266,0.15985915492957747,0.15809859154929579,0.14788732394366197,0.14507042253521124,,,,,,,,,,,,,,,,,,,,,,,,,,,,,,,,,,,,,,,,,,,,,,,,,,,,,,,,,,,,,,,,,,,,,,,,,,,,,,,,,,,,,,,,9990
,,,,,,,,,0.09294117647058824,,,,,,,,,,,,,,,,,,,,,,,,,,,,,,,,,,,,,,,,,,,,,,,,,,,,,,,,,,,,,0.09029411764705883,,,,,,,,,,,,,,,,,,,,,,,,,,,,,,,,,,,,,,,,,,,,,,,,,,,,,,,,,,,,,,,,,,,,,,,1.0,,,,,,,,,,,,,,,,,,,,,,,,,,,,,,,,,,,,,,0.23455882352941176,,,,,,,,,,,,,,,,,,,,,,0.08093137254901961,,,,,,,,,,,,,,,,,,,,,,,,,,,,,,,,0.23764705882352938,,,,,,,,,,0.1248529411764706,,,,,,,,,,0.0811764705882353,0.08916666666666667,,,,,,,,,,,,,0.08259803921568629,,,,,,,,,,,,,,,,,,,,,,,,,,,,,,,,,,,,,,,,,,,,,,,,,,,,,,,,,,,,,,,,,,,,,,,,,,,,,,,0.0903921568627451,,,,,,0.08127450980392156,,0.1363235294117647,,,,,,,,,,0.11343137254901961,,0.09426470588235294,,,,,,,,,,,,,,,,,,,,,,,,,,,,,,,,,,,,,,,,,,,,,,0.10039215686274511,,,,,,0.1096078431372549,,,,,,,,,,,,,,,,,,,,,,,,,,,,,,,,,,,,,,,,,,,,,,,,,,,,,,,,,,,,,0.11171568627450981,,,0.09568627450980392,,,,,,,,,,,,,0.09191176470588236,,,,,,,,,,,,,,,,,,,,,,,,,,,,,,,,,,,,,,,,,,,,,,,,,,,,,,,,,,,,,,,,,,,,,,,,,,,,,,,,,,,,,,,9991
,,,,,,,,,0.24029641185647427,,,,,,,,,,,,0.266380655226209,,,,,,,,,,,,,,,,,,,,,,,,,,,,,,,,0.3108424336973479,,,,,,0.3072854914196568,,,,,,,0.26045241809672387,,,,,,,,,,,,,,,,,,,,,,,,,,,0.2527457098283931,,,,0.6843213728549142,,,,0.22102964118564744,,,,,,,,,,,,,,,,,,,,,,,,,,,,,,,,,,,,,,,,1.0,,,,,,,,,,,,,,,,0.26756630265210607,,,,,,,,,,,,,,,,,,,,,,,,,,,,,,,,,,,,,,,,,0.679578783151326,,,,,,,,,,,,,,,,,,,,,,,,,,,,,,,,,,,,,,,,,,,,,,,,,,,,,,,,,,,,,,0.31647425897035875,,,,,,,,,,,,,,,,,,,,,,,,,,,,,,,,,,,,,,,,,,,,,,,,,,,,,,,,,,,,,,,,,,,,,,,,,,,,,,,,,,,,,,,,,,,,,,,,,,,,,,,,,,,,,,,,,,,,,,,,,,,,,,,,,,,,,,,,,,,,,,,,,,0.24148205928237132,,,,,,,,,,,,0.26400936037441497,,,,,,,,,,,,,,,,,,,,,,,,,,,,,,,,,,,,,,,,,,,,,,,,,,,,,,,,,,,,,,,,,,,,,,,,,,,,,,0.6816536661466458,0.4658658346333853,0.45252730109204364,0.27438377535101405,0.2586739469578783,0.21836193447737912,,,,,,,,,,,,,,,,,,,,,,,,,,,,,,,,,,,,,,,,,,,,,,,,,,,,,,,,,,,,,,,,,,,,,,,,,,,,,,,,,9992
,,,,,,,,,,,,,,,,,,,,0.3709894283075028,,,0.2015241711998358,,,,,,,,,,,,,,,,,,,,0.26256286564713127,,,,,,,,,,,,,,,,,,,,,,,,,,,,,,,,,,,,,,0.488289028020117,,,,,,,,,,,,,,,,,,,,,,,,,,,,,,,,,,,,,,,,,,,,,,,,,,,,,,,,,,,,,,,,,,,,,,,,,,,,,,,,,,,,,,,,,,,,,,,,,,,,0.14448321872113312,,,,,,,,,,0.2913271066406651,,,,,,,,,,,,,,,,,,,,,,,,,,,,,,,,,,,,,,,,,,,,,,,,,,,,1.0,,,,,,,,,,,,,,,,,,,,,,,,,,,,,,,,,,,,,,,,,,,,,,,,,,,,,,,,,,,0.14770091347634198,,,,,,,,,,,,,,,,,,,,,,,,,,,,,,,,,,,,,,,,,,,,,,,,,,,,,,,,,,,,,,,,,,0.512177973930001,,,,,,,,,,0.4172072257005029,,,,,,,,,,,,,,,,,,,,,,,,,,,,,,,,,,,,,,,,,,,,,,,,,,,,,,,,,,,,,,,,,,,,,,,,,,,,,,,,,,,,,,,,,,,,,,,,,,,,,,,,,,,,,,,,,,,,,,,,,,,,0.28196654008005745,0.19284614595093913,0.16057169249717745,0.15364877347839473,0.15267371446166478,0.14029046494919428,0.1323924869136816,0.13014985117520272,0.12917479215847275,0.12595709740326388,,,,,,,,,,,,,,,,,,,,,,,,,,,,,,,,,,,,,,,,,,,,,,,,,,,,,,,,,,,,,,,,,,,,,,,9993
,,,,,,,,,,,,,,,,,,,,,,,,,,,,,,,,,,,,,,,,,,,,,,,,,,,,,,,,,,,,,,,,,,,,,,,,,,,,,,,,,,,,,,,,,,,,,,,,,,,,,,,,,,,,,,,,,,,,,,,,,,,,,,,,,,,,,,,,,,,,,,,,,,,,,,,,,,,,,,,,,,,,,,,,,,,,,,,,,,,,,,,,,,,,,,,,,,,,,,,,,,,,,,,,,,,,,,,,,,,,,,,,,,,,,,,,,,,,,,,,,,,,,,,,,,,,,,,,,,,,,,,,,,,,,,,,,,,,,,,,,,,,,,,,,,,,,,,,,,,,,,,,,,,,,,,,,,,,,,,,,,,,,,,,,,,,,,,,,,,,,,,,,,,,,,,,,,,,,,,,,,,,,,,,,,,,,,,,,,,,,,,,,,,,,,,,,,,,,,,,,,,,,,,,,,,,,,,,,,,,,,,,,,,,,,,,,,,,,,,,,,,,,,,,,,,,,,,,,,,,,,,,,,,,,,,,,,,,,,,,,,,,,,,,,,,,,,,,,,,,,,,,,,,,,,,,1.0,0.7625,0.7625,0.7625,0.2875,0.2875,0.2875,0.2875,0.2875,0.05,0.05,0.05,0.05,0.05,0.05,0.05,0.05,0.05,0.05,0.05,,,,,,,,,,,,,,,,,,,,,,,,,,,,,,,,,,,,,,,,,,,,,,,,,,,9994
,,,,,,,0.27407477820025344,0.19183776932826363,,,,,,,,,,,,0.4738276299112801,,0.20255386565272498,,,,,,,,,,,,1.0,,,,,,,,,,,,,,,,,,,0.2903295310519645,,,,,,,,,,,,,,,,,,,,,,,,,,,,,,,,,0.3548669201520912,,,,,,,,,,,,,,,,,,,,,,,,,,,,,,,,,,,,,,,,,,,,,,,,,,,,,,,,,,,,,,,,,,,,,,,,,,,,,,,,,,,,,,,,,,,,,,,,,,,,,,,,,,,,0.32235741444866917,,,,,,,,,,,,,,,,,,,,,,,,,,,,,,,,,,,,,,,,,,,,,,,,,,,,,,,,,,,,,,,,,,,,,,,,,,,,,,,,,,,,,,,,,,,,,,,,,,,,,,,,,,,,0.2640811153358682,,,,,,,,,,,,,,,,,,,,,,,,,,,,,,,,,,,,,,,,,,,,,,,,,,,,,,,,,,,,,,,,,,,,,,,,,,,,,,,,,,,,,,,,,,,,,,,,,,,,,,,,,,,,,,,,,,,,,,,,,,,,,,,,,,,,,,,0.18232572877059566,,,,,,,,,,,,,,,,,,,,,,,,,,,,,,,,,,,,,,,,,,,,,,,,,,,,,,,,,,,,,,,,,,,,,,,,,,,,,,,,,,,,,,,,,,,,,,,0.478403041825095,0.33054499366286433,0.282743979721166,0.23747148288973385,0.21495564005069706,0.20857414448669198,0.20688846641318126,0.2047211660329531,0.2042395437262357,0.1826869455006337,,,,,,,,,,,,,,,,,,,,,,,,,,,,,,,,,,,,,,,,,9995
,,,,,0.2296875,,,,,,,,,,,,,,,,,0.34531249999999997,,,,,,,,,,,,,,,,,,,,,,,,,,,,,,,,,,,,,,,,,,,,,,,,,,,,,,,,,,,,,,,,,,,,,,,,,1.0,,0.17031249999999998,,0.184375,,,,,,,,,,,,,,,,,,,,,,,,,,,,,,,,,,,,,,,,,,0.1609375,,,,,,,,,,,,,,,,0.1484375,,,,,,,,,,,,,,,,,,,0.6781250000000001,,,,,,,,,,,,,,,,,,,,,,,,,,,,,,,,,,,,,,,,,,,,,,,,,,,,,,,,,,,,,,,,,,,0.29843749999999997,,,,,,,,,,,,,,,,,,,,,,,,,,,,,,,,,,,,,,,,,,,,,,,,,,,,,,,,,,,,,,,,,,,,,,,,,,,,,,,,,,,,,,,,,,,,,,,,,,,,,,,,,,,,,,,,,,,,,,,,,,,,,,,,,,,,,,,,,0.125,,,,,,,,,,,,,,,,,,,,,,,,,,,,,,,,,,,,,,,,,,,,,,,,,,,,,,,,,,,,,,,,,,,,,,,,,,,,,,,,,,,,,,,,,,,,,,,,,,,,,,,,,,,,,,,,,,,,,,,,,,,,,,,,,,,,,,,,,,,,,,,,,,,,,,,,,,,,,,,,,,0.8484375000000001,0.2859375,0.253125,0.20937499999999998,0.18593749999999998,0.165625,0.1609375,0.1484375,0.1484375,0.1234375,,,,,,,,,,,,,,,,,,,,,,,,,,,,,,,9996
,,,,,,,,,,,,,,,,,,,,,,,,,,,,,,,,,,,,,,,,,,,,,,,,,,,,,,,,,,,,,,,,,,,,,,,,,,,,,,,,,0.3646551724137931,,,,,,,,,,,,,,,,,,,,,,,,,,,,,,,,,,,,,,,,,,,,,,,,,,,,,,,,,,,,,,0.6560344827586208,,,,,,,,,,,,,,,,,,,,,,,,,,,,,,,,,,,,,,,,,,,,,,,,,0.2637931034482759,,,,,,,,,,,,,,,,,,,,,,,,,,,,,,,,,,,,,,,,,,,,,,,,,,,,,,,,,,,,,,,,,,,,,,,,,,,,,,,,,,,,,,,,,,,,,,,,,,,,,,,,,,,,,,,,,,,,,,,,,,,,,,,,,,,,,,,,,,,,,,,,,,,,,,,,,,,,,,,,,,,,,,,,,,,,,,,,,,,,,,,,,,,,,,,,,,,,,,,,,,,,,,,,,,,,,,,,,,,,,,,,,,,,,,,,,,,,,,,,,,,,,,,,,,,,,,,,,,,,,,,,,,,,,,,,,,,,,,,,,,,,,,,,,,,,,,,,,,,,0.3155172413793103,,,,,,,,,,,,,,,,,,0.2474137931034483,,,,,,,,,,,,,,,,,,,,,,,,,,,,,,,,,,,,,,,,,,1.0,0.6560344827586208,0.6077586206896552,0.40172413793103445,0.2991379310344827,0.29224137931034483,0.27499999999999997,0.27155172413793105,0.2706896551724138,0.22844827586206895,0.22844827586206895,0.2206896551724138,0.20775862068965517,0.20086206896551723,0.19913793103448274,,,,,,,,,,,,,,,,9998
,,,,,0.27855072463768116,,,,,,,,,,,,,,,,,,,,1.0,,,,,,,,,,,,,,,,,,,,,,,,,,,,,,,,,,,,0.2331159420289855,,,,,,,,,,,,,,,,,,,,,,,,,,,,,,,,,,,,,,,,,,,,,,,,,,,,,,,,,,,,,,,,,,,,,,,,,,,,,,,,,,,,,,,,,,,,,,,,,,,,,,,,,,,,,,,,,,,,,,,,,,,,,,,,,,,,0.15532608695652173,,,,,,,,,,,,,,,,,,,,,,,,,,,,,,,,,,,,,,,,,,,,,,,,,,,,,,,,,,,,,,,,,,,,,,,,,,,,,,,,,,,,,,,,,,,,,,,,,,,,,,,,,,,,,,,,,,,,,,,,,,,,,,,,,,,,,,,,,,,,,,,,,,,,,,,,,,,,,,,,,,,,,,,,,,,,,,,,,,,,,,,,,,,,,,,,,,,,,,,,,,,,,,,,,,,,,,,,,,,,,,,,,,,,,,,,,,,,,,,,,,,,,,,,,,,,,,,,,,,,,,,,,,,,,,,,,,,,,0.19181159420289856,,,,,,,,,,,,,,,,,,,,,,,,,,,,,,,,,,,,,,,,,,,,,,,,,,,,,,,,,,,,,,,,,,,,,,,,,,,,,,,,,,,,,,,,,,,,,,,,,0.37010869565217386,0.3198550724637681,0.22416666666666663,0.19456521739130433,0.17047101449275365,0.1656521739130435,0.16496376811594204,0.16358695652173913,0.15945652173913044,0.158768115942029,0.14844202898550724,0.14844202898550724,0.14500000000000002,0.131231884057971,0.131231884057971,9999
