Jake+Bugg: Two Fingers,Jake+Bugg: Someplace,Maroon+5: Maps,Imagine+Dragons: Demons,Beyonc%C3%A9: XO,Foo+Fighters: Bridge Burning,Foo+Fighters: Walk,Foo+Fighters: Dear Rosemary,Imagine+Dragons: Radioactive,Jake+Bugg: Me and You,Arctic+Monkeys: R U Mine?,John+Mayer: Heartbreak Warfare,Arctic+Monkeys: 505,Arctic+Monkeys: Don't Sit Down 'Cause I've Moved Your Chair,Arctic+Monkeys: Catapult,Arctic+Monkeys: Do Me a Favour,Arctic+Monkeys: Crying Lightning,Peter+Doherty: New Love Grows on Trees,Arctic+Monkeys: Cornerstone,Arctic+Monkeys: Brianstorm,Drake: Shot for Me,Drake: Marvins Room,Justin+Timberlake: Cry Me a River,Drake: I'm Ready For You,Drake: Under Ground Kings,Drake: Make Me Proud,Drake: Take Care (feat. Rihanna),Inmigrantes: Graffiti,Drake: Show Me a Good Time,The+Weeknd: The Weeknd - The Morning,Rage+Against+the+Machine: Killing in the Name,The+Rabble: Friday Night,Rancid: Roots Radicals,Rancid: Time Bomb,Rage+Against+the+Machine: Freedom,Descendents: Everything Sux,The+Rabble: Bored,Rancid: Ruby Soho,Zebrahead: Check,Anti-Flag: Turncoat,Elliott+Smith: Angeles,Elliott+Smith: Between the Bars,Lana+Del+Rey: In My Feelings,Elliott+Smith: Twilight,"Elton+John: Rocket Man (I Think It's Going to Be a Long, Long Time)","Sufjan+Stevens: Concerning the UFO Sighting Near Highland, Illinois",Lana+Del+Rey: Mariners Apartment Complex,Yo%C3%B1lu: Katie Don't Be Depressed,Elliott+Smith: A Fond Farewell,Sufjan+Stevens: Fourth of July,Raimundos: Puteiro em João Pessoa,Stone+Sour: Through Glass,Raimundos: Eu Quero Ver o Oco,Raimundos: Papeau Nuky Doe,Raimundos: Fome do Cão,Raimundos: Carrão de Dois,Raimundos: Tora Tora,Legi%C3%A3o+Urbana: Pais e Filhos,Raimundos: Palhas do Coqueiro,Raimundos: Esporrei na Manivela,Ab-Soul: Pineal Gland,$uicideboy$: THAT'S VERY MINIMALIST OF YOU,A$AP+Rocky: Goldie,A$AP+Rocky: Lord Pretty Flacko Jodye 2 (LPFJ2),Whitechapel: Possession,$uicideboy$: DRUGS/HOES/MONEY/ETC.,ScHoolboy+Q: Dope Dealer,The+Black+Dahlia+Murder: Deathmask Divine,The+Black+Dahlia+Murder: What A Horrible Night To Have A Curse,A$AP+Rocky: Better Things,Mumford+&+Sons: Blind Leading the Blind,Placebo: A Million Little Pieces,Turnover: New Scream,Erasure: Reason,Depeche+Mode: Shake the Disease,Logh: Death to My Hometown,Placebo: Begin the End,"Chris+Mazuera: Giving, Not Taking",Placebo: Beautiful James,Angra: Deus Le Volt!,THE+BOYZ: Back 2 U,"NCT+U: 일곱 번째 감각 (The 7th Sense) (Sung by 태용, 마크, 재현, 도영, 텐)",THE+BOYZ: 있어 (Got It),Portugal.+The+Man: Floating (Time Isn't Working My Side),Portugal.+The+Man: So American,Portugal.+The+Man: Got It All (This Can't Be Living Now),Portugal.+The+Man: Senseless,Portugal.+The+Man: Head Is a Flame (Cool With It),Apink: %% (Eung Eung),Portugal.+The+Man: Everything You See (Kids Count Hallelujahs),my+bloody+valentine: Only Shallow,Arctic+Monkeys: Dance Little Liar,Interpol: Obstacle 2,Arctic+Monkeys: Dangerous Animals,Interpol: PDA,Joy+Division: She's Lost Control,Interpol: Stella Was a Diver and She Was Always Down,Arctic+Monkeys: Pretty Visitors,The+Strokes: Electricityscape,A+Day+to+Remember: This Is the House That Doubt Built,NF: Dreams,A+Day+to+Remember: You Should Have Killed Me When You Had the Chance,A+Day+to+Remember: Holdin It Down For The Underground,A+Day+to+Remember: You Already Know What You Are,A+Day+to+Remember: Have Faith in Me,Mac+Miller: Donald Trump,A+Day+to+Remember: It's Complicated,A+Day+to+Remember: All Signs Point to Lauderdale,Queens+of+the+Stone+Age: I Sat by the Ocean,Lana+Del+Rey: Off to the Races,Lana+Del+Rey: Blue Jeans,Lana+Del+Rey: Born to Die,Lana+Del+Rey: Summertime Sadness,Lana+Del+Rey: Lolita,Rihanna: Consideration,Queens+of+the+Stone+Age: Make It Wit Chu,David+Bowie: Moonage Daydream,Lana+Del+Rey: Diet Mountain Dew,Dillinger+Four: Fruity Pebbles,Lupe+de+Lupe: 17,Riverdales: Diabolik,Joyce+Manor: Tame,Pinhead+Gunpowder: Train Station,Boom+Boom+Kid: Dulce de Leche,Wipers: Mystery,Joyce+Manor: Violent Inside,The+Rezillos: I LIke It,Riverdales: Crash of the Moons,Violent+Soho: Slow Down Sonic,Samiam: Super Brava,Metade+de+Mim: Volte,JAY-Z: Gotta Have It,Metade+de+Mim: A Chuva,Metade+de+Mim: Você Não Vale o Trampo Que Dá,Ways+Away: Savannah,Ways+Away: Collarbone,Polara: Duas e Meia,Metade+de+Mim: Acabou,Emarosa: Set It Off Like Napalm,Emarosa: What's A Clock Without The Batteries?,From+First+to+Last: My Heart Your Hands,No%C3%A7%C3%A3o+de+Nada: Orgânico,Emarosa: The Past Should Stay Dead,La+Dispute: Nine,Defeater: No Savior,From+First+to+Last: Note to Self,Slaves: The Fire Down Below,Emarosa: Pretend.Relive.Regret,A+Day+to+Remember: All I Want,Tigers+Jaw: June,Tigers+Jaw: Follows,Pense: Revitalizar,Millencolin: No Cigar,A+Day+to+Remember: If It Means a Lot to You,Hot+Water+Music: Drag My Body,Menores+Atos: À distância,Big+Bllakk: Sirenes,Febem: CRIME,Febem: SOHO (feat. TeeBoi),Diomedes+Chinaski: Comunista Rico,Dead+Fish: Bem-Vindo ao Clube,Chuva+Negra: Esta casa mata fascistas,Febem: MARCHA (feat. Vulgo FK),Bullet+Bane: Curimatá,Febem: VAI PENSANDO,Febem: YIN YANG,Menores+Atos: Passional,Pense: Falta,Morrissey: You Have Killed Me,Bullet+Bane: Gangorra,Pense: Andando sobre pedras,Pense: Contra-cultura,Pense: Gota a Gota,Morrissey: Black Cloud,Artifex+Pereo: Liable For Tragedy,Didrick: Ready to Fly,Wolves+at+the+Gate: Relief,The+Wonder+Years: I Don't Like Who I Was Then,The+Wonder+Years: Passing Through a Screen Door,Lucy+Rose: Shiver,Artifex+Pereo: Edgar Suit,Artifex+Pereo: The Baker Act,Anson+Seabra: Welcome to Wonderland,Gryffin: Just For A Moment (feat. Iselin),The+Killers: Read My Mind,The+Killers: Human,The+Killers: Spaceman,Two+Door+Cinema+Club: What You Know,The+Killers: When You Were Young,Foster+the+People: Pumped Up Kicks,Foster+the+People: Don't Stop (Color on the Walls),The+Killers: For Reasons Unknown,Red+Hot+Chili+Peppers: Can't Stop,The+Killers: Mr. Brightside,Lagwagon: May 16,NOFX: Bob,Operation+Ivy: Sound System - 2007 Remaster,Descendents: I'm the One,No+Use+for+a+Name: Chasing Rainbows,NOFX: The Separation of Church and Skate,No+Fun+at+All: Beat 'em Down,Teenage+Bottlerocket: Skate or Die,Bodyjar: Not the Same,No+Use+for+a+Name: Soulmate,Dance+of+Days: Selene,Pearl+Jam: Black,Dance+of+Days: Um Dia Comum,Dance+of+Days: Esboço de uma Teoria Falida,Dance+of+Days: Comerciais de cigarro,Engenheiros+Do+Hawaii: Surfando Karmas & DNA - Ao Vivo,Dance+of+Days: 09 . Garotos Perdidos,Dance+of+Days: Trabalhando Em Um Bom Título (Mas Que Não Seja Repetitivo),Dance+of+Days: Os Funerais do Coelho Branco II (Em Linha Reta),Dance+of+Days: Dorian,Parkway+Drive: Home Is For The Heartless,Parkway+Drive: The River,Parkway+Drive: Blue and the Grey,Tigers+Jaw: I Saw Water,Better+Leave+Town: Landless Hearts,Suicide+Silence: No Pity for a Coward,Parkway+Drive: Dark Days,Better+Leave+Town: Memories and Numbers,Parkway+Drive: Dream Run,Parkway+Drive: Wild Eyes,Queens+of+the+Stone+Age: Go With the Flow,Black+Drawing+Chalks: Leaving Home,Interpol: Take You on a Cruise,Black+Rebel+Motorcycle+Club: Evol,Interpol: Rest My Chemistry,Joy+Division: Shadowplay,Interpol: Pace Is The Trick,Interpol: Untitled,Arctic+Monkeys: Do I Wanna Know?,Black+Drawing+Chalks: Cut Myself in Two,Bones: Dirt,Bones: JonathanTaylorThomas,Bones: CtrlAltDelete,Bones: HDMI,Bones: Oxygen,Bones: Corduroy,Bones: ConnectingToServer,Bones: Sodium,Bones: SometimesTheUglyTruthCanBeBeautiful (prod. by Dnl),Bones: Rocks,Polara: Morada dos pássaros,Polara: Empate,Chuva+Negra: Não Foda Com A Noite,Polara: coisas de mulher,Garage+Fuzz: A Mutt Running Nowhere,Polara: Ritmo Jovem,Better+Leave+Town: Ready To Go,Black+Alien: Take Ten,Black+Alien: Carta Pra Amy,Garage+Fuzz: Cortex,Last+Dinosaurs: Andy,Glen+Hansard+&+Mark%C3%A9ta+Irglov%C3%A1: Falling Slowly,Last+Dinosaurs: Honolulu,Last+Dinosaurs: Zoom,Dashboard+Confessional: Screaming Infidelities,Last+Dinosaurs: Weekend,Glen+Hansard: Lies,Damien+Rice: The Greatest Bastard,Last+Dinosaurs: Sunday Night,Last+Dinosaurs: I Can't Help You,Dead+Fish: Queda Livre,Balancing+the+Different: Big Sad,Stick+to+Your+Guns: 3 Feet From Peace,Rancore: Bem Aqui,Rancore: Quarto Escuro,Angels+&+Airwaves: A Little's Enough,Spotify: Advertisement,Angels+&+Airwaves: The Adventure,The+Story+So+Far: The Glass,A+Day+to+Remember: My Life for Hire,A+Day+to+Remember: Homesick,"A+Day+to+Remember: You Be Tails, I'll Be Sonic",A+Day+to+Remember: If I Leave,A+Day+to+Remember: Another Song About the Weekend,A+Day+to+Remember: A Second Glance,A+Day+to+Remember: Heartless,Movements: Losing Fight,Title+Fight: Like A Ritual,The+Ataris: Slacker Rock,The+Descendents: Testosterone,Hundredth: See Beyond,"Title+Fight: Numb, But I Still Feel It",The+Smiths: What She Said,Better+Leave+Town: Mr. Banana Monster,A+Day+to+Remember: Forgive and Forget,Movements: Suffer Through,Atmosphere: Godlovesugly,Atmosphere: One of a Kind,Atmosphere: The Bass and the Movement,Atmosphere: Give Me,Atmosphere: A Girl Named Hope,Atmosphere: Flesh,Atmosphere: Hair,Atmosphere: Onemosphere,Atmosphere: A Song About a Friend,Atmosphere: Fuck You Lucy,Arctic+Monkeys: Why'd You Only Call Me When You're High?,Linkin+Park: Faint,Linkin+Park: Lying from You,Linkin+Park: Somewhere I Belong,The+Weeknd: Call Out My Name,Linkin+Park: Breaking the Habit,All+Time+Low: Remembering Sunday,Lil+Nas+X: MONTERO (Call Me by Your Name),Spiritbox: Holy Roller,BELLASIGMA: Desejo,Spiritbox: Constance,La+Dispute: Such Small Hands,Spiritbox: Blessed Be,La+Dispute: Andria,The+Devil+Wears+Prada: Sour Breath - Audiotree Live Version,Spiritbox: Rule of Nines,Dance+Gavin+Dance: We Own the Night,Movements: Daylily,Alexisonfire: Midnight Regulations,Zander: Dezesseis,blink-182: Going Away to College,Alexisonfire: Keep It On Wax,Alexisonfire: Mailbox Arson,Funeral+for+a+Friend: On a Wire,Zander: Dialeto,Against+Me!: Don't Lose Touch,The+Pharcyde: Passin' Me By,Alexisonfire: Boiled Frogs,Charlie+Brown+Jr.: Tudo Pro Alto,Plastic+Fire: Respirar,Dead+Fish: Descendo As Escadas,"Pense: Não, nós não somos originais",Dead+Fish: A Urgência,Garage+Fuzz: Dying Trying,blink-182: Heart's All Gone,blink-182: Up All Night,blink-182: After Midnight,blink-182: Natives,blink-182: Snake Charmer,blink-182: All the Small Things,blink-182: Adam's Song,blink-182: Ghost on the Dance Floor,blink-182: Wishing Well,blink-182: Heart's All Gone Interlude,Criolo: Duas de Cinco,Criolo: Breáco,+noredirect/Criolo+Doido: é o teste,Criolo: Roba A Cena,+noredirect/Criolo+Doido: rap é forte,Criolo: Ainda Há Tempo,Criolo: Tô Pra Vê,Criolo: No Sapatinho,The+Gaslight+Anthem: Boxer,Criolo: Demorô,Black+Alien: Na Segunda Vinda,Black+Alien: Babylon By Gus,Black+Alien: Vai Baby,Black+Alien: From Hell do Céu,Black+Alien: Como Eu Te Quero,MD+Chefe: Tiffany,Black+Alien: Perícia na Delícia,Black+Alien: América 21,Black+Alien: Mister Niterói,Dead+Fish: Anarquia Corporation,Dead+Fish: Social Agression,Dead+Fish: Sonho Médio,Abulia: Natalie,%C3%81caros: Cortina de Fogo,%C3%81caros: Playboylândia,Alkaline+Trio: Every Thug Needs A Lady,Bid%C3%AA+ou+Balde: Mais Um Dia Sem Ninguém,Brothers+of+Brazil: On My Way,Brothers+of+Brazil: Viva Liberty,The+Story+So+Far: All Wrong,MURICA: Fome,The+Story+So+Far: Bad Luck,Black+Days: Antídoto,The+Story+So+Far: Empty Space,The+Story+So+Far: Things I Can't Change,A+Day+to+Remember: Violence (Enough Is Enough),YUNG+BUDA: Piloto,MURICA: Jaqueta Jeans,"Black+Country,+New+Road: Concorde",Turnstile: BLACKOUT,Beach+Fossils: Down the Line,Beach+House: Walk in the Park,Viagra+Boys: Creatures,"Black+Country,+New+Road: Track X",Empire!+Empire!+(I+Was+a+Lonely+Estate): How to Make Love Stay,Viagra+Boys: Troglodyte,City+and+Colour: Little Hell,Beach+House: Zebra,Anthrax: Caught in a Mosh,Anthrax: I Am the Law,Anthrax: Among the Living,Hillbilly+Rawhide: Drunk and Crazy,Hillbilly+Rawhide: F.N.M.,Metallica: The Four Horsemen,Mot%C3%B6rhead: Iron Fist,Slayer: Black Magic,Slayer: Chemical Warfare,Anthrax: Efilnikufesin (N.F.L),No%C3%A7%C3%A3o+de+Nada: Ímpar,Dead+Fish: Contra Todos,Zander: Meia Noite,The+Silence: Broken,Zander: Auto Falantes,Medellin: Onde Os Fracos Não Tem Vez,Mudvayne: Scarlet Letters,Mudvayne: Happy?,Social+Distortion: Story of My Life,Pennywise: Fuck Authority,Goldfinger: Superman,A+Day+to+Remember: The Downfall of Us All,Social+Distortion: Reach for the Sky,Social+Distortion: Ring of Fire,Goldfinger: 99 Red Balloons,blink-182: I Miss You,Cueio+Lim%C3%A3o: Prego,Box+Car+Racer: There Is,Smoking+Less: Balada 30 dias,All+Time+Low: Stay Awake (Dreams Only Last For A Night) - Acoustic Version,Four+Year+Strong: This Summer Session,Real+Friends: Floorboards (acoustic),%252B44: No It Isn't,Aerolyn: Wefightfail,"All+Time+Low: Dear Maria, Count Me In",blink-182: Carousel,blink-182: Feeling This,blink-182: Stay Together for the Kids,blink-182: Dammit,blink-182: First Date,blink-182: Not Now,blink-182: Always,blink-182: What's My Age Again?,Limp+Bizkit: Break Stuff,%252B44: Lycanthrope,%252B44: When Your Heart Stops Beating,Bullet+Bane: Option To Repression,%252B44: Little Death,Red+Hot+Chili+Peppers: Otherside,blink-182: Online Songs,The+Libertines: Mayday,Bullet+Bane: Heartbeats,Esteban: Cigarros e Capitais,Fresno: Natureza Caos,Fresno: Porto Alegre,Paramore: Hard Times,Paramore: Playing God,Fresno: Cada Acidente,Panic!+at+the+Disco: Death of a Bachelor,Fresno: Sua Alegria Foi Cancelada,Drums+Are+for+Parades: Another Kind of Bad,The+Hickey+Underworld: ghost holiday,The+Sore+Losers: Born to Please,The+Van+Jets: Run 'n' Hide,%27t+Hof+van+Commerce: Slaet Ip Min Gat,A+Brand: A perfect habitat for foxes,A+Brand: Riding your ghost,Absynthe+Minded: Dead On My Feet,Admiral+Freebee: Rags 'n' Run,Aks: Out of Control,Shout+Out+Louds: Normandie,Vetiver: I Must Be in a Good Place Now,Ben+Kweller: Things I Like to Do,Ben+Kweller: Fight,Led+Zeppelin: Whole Lotta Love,Ben+Kweller: Somehow (Singlemalt Version),Nevilton: Paz e Amores,Ben+Kweller: Old Hat,Vetiver: Hurry On Sundown,Ben+Kweller: Sawdust Man,Nenhum+de+N%C3%B3s: Paz e Amor,Nenhum+de+N%C3%B3s: Eu Não Entendo,A+Day+to+Remember: Sticks & Bricks,Avenged+Sevenfold: Buried Alive,Nenhum+de+N%C3%B3s: Julho de 83,Ed+Sheeran: Perfect,A+Day+to+Remember: 2nd Sucks,Nenhum+de+N%C3%B3s: Você Vai Lembrar de Mim,Sam+Fender: Will We Talk?,Sam+Fender: The Borders,Sam+Fender: Get You Down,Against+the+Current: Running With The Wild Things,Harry+Styles: As It Was,SG+Lewis: Flames (feat. Ruel),5+Seconds+of+Summer: Lie to Me (feat. Julia Michaels),Giveon: Heartbreak Anniversary,Lany: okay,The+Nearly+Deads: Special,Led+Zeppelin: I Can't Quit You Baby,Led+Zeppelin: Since I've Been Loving You,Led+Zeppelin: Celebration Day,Led+Zeppelin: We're Gonna Groove,"Jimmy+Page,+John+Paul+Jones,+John+Bonham: Flashing Lights",Led+Zeppelin: Good Times Bad Times,"Jimmy+Page,+John+Paul+Jones,+John+Bonham: Thumping Beat",Led+Zeppelin: Darlene,Led+Zeppelin: Bonzo's Montreux,Led+Zeppelin: Poor Tom,user_id
1.0,0.8891666666666667,0.8891666666666667,0.8416666666666667,0.7466666666666666,0.715,0.6991666666666667,0.6833333333333333,0.6833333333333333,0.6833333333333333,,,,,,,,,,,,,,,,,,,,,,,,,,,,,,,,,,,,,,,,,,,,,,,,,,,,,,,,,,,,,,,,,,,,,,,,,,,,,,,,,,,,,,,,,,,,,,,,,,,,,,,,,,,,,,,,,,,,,,,,,,,,,,,,,,,,,,,,,,,,,,,,,,,,,,,,,,,,,,,,,,,,,,,,,,,,,,,,,,,,,,,,,,,,,,,,,,,,,,,,,,,,,,,,,,,,,,,,,,,,,,,,,,,,,,,,,,,,,,,,,,,,,,,,,,,,,,,,,,,,,,,,,,,,,,,,,,,,,,,,,,,,,,,,,,,,,,,,,,,,,,,,,,,,,,,,,,,,,,,,,,,,,,,,,,,,,,,,,,,,,,,,,,,,,,,,,,,,,,,,,,,,,,,,,,,,,,,,,,,,,,,,,,,,,,,,,,,,,,,,,,,,,,,,,,,,,,,,,,,,,,,,,,,,,,,,,,,,,,,,,,,,,,,,,,,,,,,,,,,,,,,,,,,,,,,,,,,,,,,,,,,,,,,,,,,9943
,,,,,,,,,,1.0,0.9223270440251573,0.8028301886792454,0.5399371069182389,0.4981132075471698,0.4981132075471698,0.4861635220125786,0.45628930817610064,0.43836477987421385,0.40849056603773587,,,,,,,,,,,,,,,,,,,,,,,,,,,,,,,,,,,,,,,,,,,,,,,,,,,,,,,,,,,,,,,,,,,,,,,,,,,,,,,,,,,,,,,,,,,,,,,,,,,,,,,,,,,,,,,,,,,,,,,,,,,,,,,,,,,,,,,,,,,,,,,,,,,,,,,,,,,,,,,,,,,,,,,,,,,,,,,,,,,,,,,,,,,,,,,,,,,,,,,,,,,,,,,,,,,,,,,,,,,,,,,,,,,,,,,,,,,,,,,,,,,,,,,,,,,,,,,,,,,,,,,,,,,,,,,,,,,,,,,,,,,,,,,,,,,,,,,,,,,,,,,,,,,,,,,,,,,,,,,,,,,,,,,,,,,,,,,,,,,,,,,,,,,,,,,,,,,,,,,,,,,,,,,,,,,,,,,,,,,,,,,,,,,,,,,,,,,,,,,,,,,,,,,,,,,,,,,,,,,,,,,,,,,,,,,,,,,,,,,,,,,,,,,,,,,,,,,,,,,,,,,,,,,,,,,,,,,,,,,,,9944
,,,,,,,,,,,,,,,,,,,,1.0,0.6788732394366197,0.6654929577464789,0.5183098591549296,0.5049295774647887,0.478169014084507,0.4514084507042253,0.4514084507042253,0.4380281690140845,0.4380281690140845,,,,,,,,,,,,,,,,,,,,,,,,,,,,,,,,,,,,,,,,,,,,,,,,,,,,,,,,,,,,,,,,,,,,,,,,,,,,,,,,,,,,,,,,,,,,,,,,,,,,,,,,,,,,,,,,,,,,,,,,,,,,,,,,,,,,,,,,,,,,,,,,,,,,,,,,,,,,,,,,,,,,,,,,,,,,,,,,,,,,,,,,,,,,,,,,,,,,,,,,,,,,,,,,,,,,,,,,,,,,,,,,,,,,,,,,,,,,,,,,,,,,,,,,,,,,,,,,,,,,,,,,,,,,,,,,,,,,,,,,,,,,,,,,,,,,,,,,,,,,,,,,,,,,,,,,,,,,,,,,,,,,,,,,,,,,,,,,,,,,,,,,,,,,,,,,,,,,,,,,,,,,,,,,,,,,,,,,,,,,,,,,,,,,,,,,,,,,,,,,,,,,,,,,,,,,,,,,,,,,,,,,,,,,,,,,,,,,,,,,,,,,,,,,,,,,,,,,,,,,,,,,,,,,,,,9945
,,,,,,,,,,,,,,,,,,,,,,,,,,,,,,1.0,0.981,0.924,0.886,0.791,0.601,0.5820000000000001,0.5630000000000001,0.544,0.506,,,,,,,,,,,,,,,,,,,,,,,,,,,,,,,,,,,,,,,,,,,,,,,,,,,,,,,,,,,,,,,,,,,,,,,,,,,,,,,,,,,,,,,,,,,,,,,,,,,,,,,,,,,,,,,,,,,,,,,,,,,,,,,,,,,,,,,,,,,,,,,,,,,,,,,,,,,,,,,,,,,,,,,,,,,,,,,,,,,,,,,,,,,,,,,,,,,,,,,,,,,,,,,,,,,,,,,,,,,,,,,,,,,,,,,,,,,,,,,,,,,,,,,,,,,,,,,,,,,,,,,,,,,,,,,,,,,,,,,,,,,,,,,,,,,,,,,,,,,,,,,,,,,,,,,,,,,,,,,,,,,,,,,,,,,,,,,,,,,,,,,,,,,,,,,,,,,,,,,,,,,,,,,,,,,,,,,,,,,,,,,,,,,,,,,,,,,,,,,,,,,,,,,,,,,,,,,,,,,,,,,,,,,,,,,,,,,,,,,,,,,,,,,,,,,,,,,,,,,,,9946
,,,,,,,,,,,,,,,,,,,,,,,,,,,,,,,,,,,,,,,,1.0,0.7822916666666667,0.525,0.5184027777777778,0.5118055555555555,0.38645833333333335,0.36666666666666664,0.36666666666666664,0.3534722222222222,0.346875,,,,,,,,,,,,,,,,,,,,,,,,,,,,,,,,,,,,,,,,,,,,,,,,,,,,,,,,,,,,,,,,,,,,,,,,,,,,,,,,,,,,,,,,,,,,,,,,,,,,,,,,,,,,,,,,,,,,,,,,,,,,,,,,,,,,,,,,,,,,,,,,,,,,,,,,,,,,,,,,,,,,,,,,,,,,,,,,,,,,,,,,,,,,,,,,,,,,,,,,,,,,,,,,,,,,,,,,,,,,,,,,,,,,,,,,,,,,,,,,,,,,,,,,,,,,,,,,,,,,,,,,,,,,,,,,,,,,,,,,,,,,,,,,,,,,,,,,,,,,,,,,,,,,,,,,,,,,,,,,,,,,,,,,,,,,,,,,,,,,,,,,,,,,,,,,,,,,,,,,,,,,,,,,,,,,,,,,,,,,,,,,,,,,,,,,,,,,,,,,,,,,,,,,,,,,,,,,,,,,,,,,,,,,,,,,,,,,,,,,,,,,,,,,,,,9947
,,,,,,,,,,,,,,,,,,,,,,,,,,,,,,,,,,,,,,,,,,,,,,,,,,1.0,0.8169724770642203,0.7559633027522936,0.7472477064220184,0.6862385321100918,0.6775229357798166,0.6513761467889908,0.6165137614678899,0.6077981651376148,0.5990825688073395,,,,,,,,,,,,,,,,,,,,,,,,,,,,,,,,,,,,,,,,,,,,,,,,,,,,,,,,,,,,,,,,,,,,,,,,,,,,,,,,,,,,,,,,,,,,,,,,,,,,,,,,,,,,,,,,,,,,,,,,,,,,,,,,,,,,,,,,,,,,,,,,,,,,,,,,,,,,,,,,,,,,,,,,,,,,,,,,,,,,,,,,,,,,,,,,,,,,,,,,,,,,,,,,,,,,,,,,,,,,,,,,,,,,,,,,,,,,,,,,,,,,,,,,,,,,,,,,,,,,,,,,,,,,,,,,,,,,,,,,,,,,,,,,,,,,,,,,,,,,,,,,,,,,,,,,,,,,,,,,,,,,,,,,,,,,,,,,,,,,,,,,,,,,,,,,,,,,,,,,,,,,,,,,,,,,,,,,,,,,,,,,,,,,,,,,,,,,,,,,,,,,,,,,,,,,,,,,,,,,,,,,,,,,,,,,,,,,,,,,,9949
,,,,,,,,,,,,,,,,,,,,,,,,,,,,,,,,,,,,,,,,,,,,,,,,,,,,,,,,,,,,1.0,0.7944029850746269,0.7164179104477613,0.7022388059701492,0.6455223880597015,0.6384328358208956,0.5958955223880598,0.5817164179104477,0.5462686567164179,0.5320895522388059,,,,,,,,,,,,,,,,,,,,,,,,,,,,,,,,,,,,,,,,,,,,,,,,,,,,,,,,,,,,,,,,,,,,,,,,,,,,,,,,,,,,,,,,,,,,,,,,,,,,,,,,,,,,,,,,,,,,,,,,,,,,,,,,,,,,,,,,,,,,,,,,,,,,,,,,,,,,,,,,,,,,,,,,,,,,,,,,,,,,,,,,,,,,,,,,,,,,,,,,,,,,,,,,,,,,,,,,,,,,,,,,,,,,,,,,,,,,,,,,,,,,,,,,,,,,,,,,,,,,,,,,,,,,,,,,,,,,,,,,,,,,,,,,,,,,,,,,,,,,,,,,,,,,,,,,,,,,,,,,,,,,,,,,,,,,,,,,,,,,,,,,,,,,,,,,,,,,,,,,,,,,,,,,,,,,,,,,,,,,,,,,,,,,,,,,,,,,,,,,,,,,,,,,,,,,,,,,,,,,,,,,,,,,,,,9950
,,,,,,,,,,,,,,,,,,,,,,,,,,,,,,,,,,,,,,,,,,,,,,,,,,,,,,,,,,,,,,,,,,,,,,1.0,0.7525831564048124,0.5387827317763623,0.46146496815286625,0.429865534324133,0.39759377211606506,0.39423213021939135,0.3774239207360226,0.34582448690728945,0.33910120311394193,,,,,,,,,,,,,,,,,,,,,,,,,,,,,,,,,,,,,,,,,,,,,,,,,,,,,,,,,,,,,,,,,,,,,,,,,,,,,,,,,,,,,,,,,,,,,,,,,,,,,,,,,,,,,,,,,,,,,,,,,,,,,,,,,,,,,,,,,,,,,,,,,,,,,,,,,,,,,,,,,,,,,,,,,,,,,,,,,,,,,,,,,,,,,,,,,,,,,,,,,,,,,,,,,,,,,,,,,,,,,,,,,,,,,,,,,,,,,,,,,,,,,,,,,,,,,,,,,,,,,,,,,,,,,,,,,,,,,,,,,,,,,,,,,,,,,,,,,,,,,,,,,,,,,,,,,,,,,,,,,,,,,,,,,,,,,,,,,,,,,,,,,,,,,,,,,,,,,,,,,,,,,,,,,,,,,,,,,,,,,,,,,,,,,,,,,,,,,,,,,,,,,,,,,,,,,,,,,,,,,9951
,,,,,,,,,,,,,,,,,,,,,,,,,,,,,,,,,,,,,,,,,,,,,,,,,,,,,,,,,,,,,,,,,,,,,,,,,,,,,,,,1.0,0.6915584415584416,0.4127272727272727,0.3905194805194805,0.3905194805194805,0.38805194805194804,0.3658441558441558,0.3362337662337662,0.3263636363636363,0.31896103896103895,,,,,,,,,,,,,,,,,,,,,,,,,,,,,,,,,,,,,,,,,,,,,,,,,,,,,,,,,,,,,,,,,,,,,,,,,,,,,,,,,,,,,,,,,,,,,,,,,,,,,,,,,,,,,,,,,,,,,,,,,,,,,,,,,,,,,,,,,,,,,,,,,,,,,,,,,,,,,,,,,,,,,,,,,,,,,,,,,,,,,,,,,,,,,,,,,,,,,,,,,,,,,,,,,,,,,,,,,,,,,,,,,,,,,,,,,,,,,,,,,,,,,,,,,,,,,,,,,,,,,,,,,,,,,,,,,,,,,,,,,,,,,,,,,,,,,,,,,,,,,,,,,,,,,,,,,,,,,,,,,,,,,,,,,,,,,,,,,,,,,,,,,,,,,,,,,,,,,,,,,,,,,,,,,,,,,,,,,,,,,,,,,,,,,,,,,,,,,,,,,,,,,,,,,,,9952
,,,,,,,,,,0.3287558685446009,,,,,,1.0,,,,,,,,,,,,,,,,,,,,,,,,,,,,,,,,,,,,,,,,,,,,,,,,,,,,,,,,,,,,,,,,,,,,,,,,,,0.7167840375586855,0.6543427230046949,0.5138497652582159,0.5093896713615024,0.478169014084507,0.4268779342723005,0.3755868544600939,0.339906103286385,,,,,,,,,,,,,,,,,,,,,,,,,,,,,,,,,,,,,,,,,,,,,,,,,,,,,,,,,,,,,,,,,,,,,,,,,,,,,,,,,,,,,,,,,,,,,,,,,,,,,,,,,,,,,,,,,,,,,,,,,,,,,,,,,,,,,,,,,,,,,,,,,,,,,,,,,,,,,,,,,,,,,,,,,,,,,,,,,,,,,,,,,,,,,,,,,,,,,,,,,,,,,,,,,,,,,,,,,,,,,,,,,,,,,,,,,,,,,,,,,,,,,,,,,,,,,,,,,,,,,,,,,,,,,,,,,,,,,,,,,,,,,,,,,,,,,,,,,,,,,,,,,,,,,,,,,,,,,,,,,,,,,,,,,,,,,,,,,,,,,,,,,,,,,,,,,,,,,,,,,,,,,,,,,,,,,,,,,,,,,,,,,,,,,,,,,,,,,,,,,,,9953
,,,,,,,,,,,,,,,,,,,,,,,,,,,,,,,,,,,,,,,,,,,,,,,,,,,,,,,,,,,,,,,,,,,,,,,,,,,,,,,,,,,,,,,,,,,,,,,,,,1.0,0.6142857142857143,0.5857142857142857,0.5214285714285714,0.5142857142857142,0.5071428571428571,0.4928571428571428,0.4928571428571428,0.48571428571428565,0.4071428571428571,,,,,,,,,,,,,,,,,,,,,,,,,,,,,,,,,,,,,,,,,,,,,,,,,,,,,,,,,,,,,,,,,,,,,,,,,,,,,,,,,,,,,,,,,,,,,,,,,,,,,,,,,,,,,,,,,,,,,,,,,,,,,,,,,,,,,,,,,,,,,,,,,,,,,,,,,,,,,,,,,,,,,,,,,,,,,,,,,,,,,,,,,,,,,,,,,,,,,,,,,,,,,,,,,,,,,,,,,,,,,,,,,,,,,,,,,,,,,,,,,,,,,,,,,,,,,,,,,,,,,,,,,,,,,,,,,,,,,,,,,,,,,,,,,,,,,,,,,,,,,,,,,,,,,,,,,,,,,,,,,,,,,,,,,,,,,,,,,,,,,,,,,,,,,,,,,,,,,,,,,,,,,,,,,,,,,,,,,,,,,,,,,,,,,,,,,9954
,,,,,,,,,,,,,,,,,,,,,,,,,,,,,,,,,,,,,,,,,,,,,,,,,,,,,,,,,,,,,,,,,,,,,,,,,,,,,,,,,,,,,,,,,,,,,,,,,,,,,,,,,,,,1.0,0.6458579881656805,0.47159763313609465,0.44349112426035503,0.35917159763313605,0.33949704142011833,0.33668639053254434,0.31420118343195264,0.3113905325443787,0.30576923076923074,,,,,,,,,,,,,,,,,,,,,,,,,,,,,,,,,,,,,,,,,,,,,,,,,,,,,,,,,,,,,,,,,,,,,,,,,,,,,,,,,,,,,,,,,,,,,,,,,,,,,,,,,,,,,,,,,,,,,,,,,,,,,,,,,,,,,,,,,,,,,,,,,,,,,,,,,,,,,,,,,,,,,,,,,,,,,,,,,,,,,,,,,,,,,,,,,,,,,,,,,,,,,,,,,,,,,,,,,,,,,,,,,,,,,,,,,,,,,,,,,,,,,,,,,,,,,,,,,,,,,,,,,,,,,,,,,,,,,,,,,,,,,,,,,,,,,,,,,,,,,,,,,,,,,,,,,,,,,,,,,,,,,,,,,,,,,,,,,,,,,,,,,,,,,,,,,,,,,,,,,,,,,,,,,,,,,,,,,,,,,,,9955
,,,,,,,,,,,,,,,,,,,,,,,,,,,,,,,,,,,,,,,,,,,,,,,,,,,,,,,,,,,,,,,,,,,,,,,,,,,,,,,,,,,,,,,,,,,,,,,,,,,,,,,,,,,,,,,,,,,,,,1.0,0.7348837209302326,0.7275193798449613,0.6980620155038759,0.6317829457364341,0.6023255813953489,0.5581395348837209,0.5286821705426357,0.5286821705426357,0.4844961240310077,,,,,,,,,,,,,,,,,,,,,,,,,,,,,,,,,,,,,,,,,,,,,,,,,,,,,,,,,,,,,,,,,,,,,,,,,,,,,,,,,,,,,,,,,,,,,,,,,,,,,,,,,,,,,,,,,,,,,,,,,,,,,,,,,,,,,,,,,,,,,,,,,,,,,,,,,,,,,,,,,,,,,,,,,,,,,,,,,,,,,,,,,,,,,,,,,,,,,,,,,,,,,,,,,,,,,,,,,,,,,,,,,,,,,,,,,,,,,,,,,,,,,,,,,,,,,,,,,,,,,,,,,,,,,,,,,,,,,,,,,,,,,,,,,,,,,,,,,,,,,,,,,,,,,,,,,,,,,,,,,,,,,,,,,,,,,,,,,,,,,,,,,,,,,,,,,,,,,,,,,,,,,,,,,,,,,9956
,,,,,,,,,,,,,,,,,,,,,,,,,,,,,,,,,,,,,,,,,,,,,,,,,,,,,,,,,,,,,,,,,,,,,,,,,,,,,,,,,,,,,,,,,,,,,,,,,,,,,,,,,,,,,,,,,,,,,,,,,,,,,,,,1.0,0.9113333333333333,0.6833333333333333,0.544,0.46799999999999997,0.46799999999999997,0.46799999999999997,0.43,0.4046666666666667,0.39199999999999996,,,,,,,,,,,,,,,,,,,,,,,,,,,,,,,,,,,,,,,,,,,,,,,,,,,,,,,,,,,,,,,,,,,,,,,,,,,,,,,,,,,,,,,,,,,,,,,,,,,,,,,,,,,,,,,,,,,,,,,,,,,,,,,,,,,,,,,,,,,,,,,,,,,,,,,,,,,,,,,,,,,,,,,,,,,,,,,,,,,,,,,,,,,,,,,,,,,,,,,,,,,,,,,,,,,,,,,,,,,,,,,,,,,,,,,,,,,,,,,,,,,,,,,,,,,,,,,,,,,,,,,,,,,,,,,,,,,,,,,,,,,,,,,,,,,,,,,,,,,,,,,,,,,,,,,,,,,,,,,,,,,,,,,,,,,,,,,,,,,,,,,,,,,,,,,,,,,,,,,,,,,9957
,,,,,,,,,,,,,,,,,,,,,,,,,,,,,,,,,,,,,,,,,,,,,,,,,,,,,,,,,,,,,,,,,,,,,,,,,,,,,,,,,,,,,,,,,,,,,,,,,,,,,,,,,,,,,,,,,,,,,,,,,,,,,,,,,,,,,,,,,,1.0,0.9636764705882354,0.6535294117647059,0.6088235294117648,0.4775,0.4775,0.45514705882352935,0.44955882352941173,0.4439705882352941,0.43,,,,,,,,,,,,,,,,,,,,,,,,,,,,,,,,,,,,,,,,,,,,,,,,,,,,,,,,,,,,,,,,,,,,,,,,,,,,,,,,,,,,,,,,,,,,,,,,,,,,,,,,,,,,,,,,,,,,,,,,,,,,,,,,,,,,,,,,,,,,,,,,,,,,,,,,,,,,,,,,,,,,,,,,,,,,,,,,,,,,,,,,,,,,,,,,,,,,,,,,,,,,,,,,,,,,,,,,,,,,,,,,,,,,,,,,,,,,,,,,,,,,,,,,,,,,,,,,,,,,,,,,,,,,,,,,,,,,,,,,,,,,,,,,,,,,,,,,,,,,,,,,,,,,,,,,,,,,,,,,,,,,,,,,,,,,,,,,,,,,,,,,,,,,,,,,,9959
,,,,,,,,,,,,,,,,,,,,,,,,,,,,,,,,,,,,,,,,,,,,,,,,,,,,,,,,,,,,,,,,,,,,,,,,,,,,,,,,,,,,,,,,,,,,,,,,,,,,,,,,0.6718181818181819,,,0.62,,,,,,,,,,,,,,,,,,,,,,,,,,,,,,,,,,,,,,,,,1.0,0.9654545454545455,0.7581818181818182,0.6718181818181819,0.62,0.5336363636363636,0.49909090909090903,0.49909090909090903,,,,,,,,,,,,,,,,,,,,,,,,,,,,,,,,,,,,,,,,,,,,,,,,,,,,,,,,,,,,,,,,,,,,,,,,,,,,,,,,,,,,,,,,,,,,,,,,,,,,,,,,,,,,,,,,,,,,,,,,,,,,,,,,,,,,,,,,,,,,,,,,,,,,,,,,,,,,,,,,,,,,,,,,,,,,,,,,,,,,,,,,,,,,,,,,,,,,,,,,,,,,,,,,,,,,,,,,,,,,,,,,,,,,,,,,,,,,,,,,,,,,,,,,,,,,,,,,,,,,,,,,,,,,,,,,,,,,,,,,,,,,,,,,,,,,,,,,,,,,,,,,,,,,,,,,,,,,,,,,,,,,,,,,,,,,,,,,,,,,,,,,,9960
,,,,,,,,,,,,,,,,,,,,,,,,,,,,,,,,,,,,,,,,,,,,,,,,,,,,,,,,,,,,,,,,,,,,,,,,,,,,,,,,,,,,,,,,,,,,,,,,,,,,,,,,,,,,,,,,,,,,,,,,,,,,,,,,,,,,,,,,,,,,,,,,,,,,,,,,,,,,1.0,0.6186131386861314,0.5492700729927007,0.5284671532846715,0.4660583941605839,0.4313868613138686,0.4036496350364963,0.3897810218978102,0.38284671532846715,0.368978102189781,,,,,,,,,,,,,,,,,,,,,,,,,,,,,,,,,,,,,,,,,,,,,,,,,,,,,,,,,,,,,,,,,,,,,,,,,,,,,,,,,,,,,,,,,,,,,,,,,,,,,,,,,,,,,,,,,,,,,,,,,,,,,,,,,,,,,,,,,,,,,,,,,,,,,,,,,,,,,,,,,,,,,,,,,,,,,,,,,,,,,,,,,,,,,,,,,,,,,,,,,,,,,,,,,,,,,,,,,,,,,,,,,,,,,,,,,,,,,,,,,,,,,,,,,,,,,,,,,,,,,,,,,,,,,,,,,,,,,,,,,,,,,,,,,,,,,,,,,,,,,,,,,,,,,,,,,,,,,,,,,,,,,,,,,,,,,,,9961
,,,,,,,,,,,,,,,,,,,,,,,,,,,,,,,,,,,,,,,,,,,,,,,,,,,,,,,,,,,,,,,,,,,,,,,,,,,,,,,,,,,,,,,,,,,,,,,,,,,,,,,,,,,,,,,,,,,,,,,,,,,,,,,,,,,,,,,,,,,,,,,,,,,,,,,0.7738095238095237,,,,,,,,,,,,0.7738095238095237,,,1.0,0.9457142857142857,0.8642857142857142,0.8280952380952381,0.819047619047619,0.7647619047619048,0.7647619047619048,0.7466666666666666,,,,,,,,,,,,,,,,,,,,,,,,,,,,,,,,,,,,,,,,,,,,,,,,,,,,,,,,,,,,,,,,,,,,,,,,,,,,,,,,,,,,,,,,,,,,,,,,,,,,,,,,,,,,,,,,,,,,,,,,,,,,,,,,,,,,,,,,,,,,,,,,,,,,,,,,,,,,,,,,,,,,,,,,,,,,,,,,,,,,,,,,,,,,,,,,,,,,,,,,,,,,,,,,,,,,,,,,,,,,,,,,,,,,,,,,,,,,,,,,,,,,,,,,,,,,,,,,,,,,,,,,,,,,,,,,,,,,,,,,,,,,,,,,,,,,,,,,,,,,,,,,,,,,,,,,,,,,,,,,,,,,,,,9962
,,,,,,,,,,,,,,,,,,,,,,,,,,,,,,,,,,,,,,,,,,,,,,,,,,,,,,,,,,,,,,,,,,,,,,,,,,,,,,,,,,,,,,,,,,,,,,,,,,,,,,,,,,,,,,,,,,,,,,,,,,,,,,,,,,,,,,,,,,,,,,,,,,,,,,,,,,,,,,,,,,,,,,,,,,,,,,1.0,0.8796666666666666,0.8796666666666666,0.7276666666666667,0.658,0.5756666666666667,0.5630000000000001,0.544,0.5376666666666666,0.487,,,,,,,,,,,,,,,,,,,,,,,,,,,,,,,,,,,,,,,,,,,,,,,,,,,,,,,,,,,,,,,,,,,,,,,,,,,,,,,,,,,,,,,,,,,,,,,,,,,,,,,,,,,,,,,,,,,,,,,,,,,,,,,,,,,,,,,,,,,,,,,,,,,,,,,,,,,,,,,,,,,,,,,,,,,,,,,,,,,,,,,,,,,,,,,,,,,,,,,,,,,,,,,,,,,,,,,,,,,,,,,,,,,,,,,,,,,,,,,,,,,,,,,,,,,,,,,,,,,,,,,,,,,,,,,,,,,,,,,,,,,,,,,,,,,,,,,,,,,,,,,,,,,,,,,,,,,,,9963
,,,,,,,,,,,,,,,,,,,,,,,,,,,,,,,,,,,,,,,,,,,,,,,,,,,,,,,,,,,,,,,,,,,,,,,,,,,,,,,,,,,,,,,,,,,,,,,,,,,,,,,,,,,,,,,,,,,,,,,,,,,,,,,,,,,,,,,,,,,,,,,,,,,,,,,,,,,,,,,,,,,,,,,,,,,,,,,,,,,,,,,,1.0,0.6963917525773197,0.611512027491409,0.5462199312714777,0.5331615120274914,0.5233676975945017,0.47113402061855664,0.47113402061855664,0.4678694158075601,0.46460481099656353,,,,,,,,,,,,,,,,,,,,,,,,,,,,,,,,,,,,,,,,,,,,,,,,,,,,,,,,,,,,,,,,,,,,,,,,,,,,,,,,,,,,,,,,,,,,,,,,,,,,,,,,,,,,,,,,,,,,,,,,,,,,,,,,,,,,,,,,,,,,,,,,,,,,,,,,,,,,,,,,,,,,,,,,,,,,,,,,,,,,,,,,,,,,,,,,,,,,,,,,,,,,,,,,,,,,,,,,,,,,,,,,,,,,,,,,,,,,,,,,,,,,,,,,,,,,,,,,,,,,,,,,,,,,,,,,,,,,,,,,,,,,,,,,,,,,,,,,,,,,,,,,,,,9964
,,,,,,,,,,,,,,,,,,,,,,,,,,,,,,,,,,,,,,,,,,,,,,,,,,,,,,,,,,,,,,,,,,,,,,,,,,,,,,,,,,,,,,,,,,,,,,,,,,,,,,,,,,,,,,,,,,,,,,,,,,,,,,,,,,,,,,,,,,,,,,,,,,,,,,,,,,,,,,,,,,,,,,,,,,,,,,,,,,,,,,,,,,,,,,,,,,1.0,0.71875,0.68125,0.64375,0.56875,0.5625,0.5375,0.5375,0.50625,0.48125,,,,,,,,,,,,,,,,,,,,,,,,,,,,,,,,,,,,,,,,,,,,,,,,,,,,,,,,,,,,,,,,,,,,,,,,,,,,,,,,,,,,,,,,,,,,,,,,,,,,,,,,,,,,,,,,,,,,,,,,,,,,,,,,,,,,,,,,,,,,,,,,,,,,,,,,,,,,,,,,,,,,,,,,,,,,,,,,,,,,,,,,,,,,,,,,,,,,,,,,,,,,,,,,,,,,,,,,,,,,,,,,,,,,,,,,,,,,,,,,,,,,,,,,,,,,,,,,,,,,,,,,,,,,,,,,,,,,,,,,,,,,,,,,,,,,,,,,,9965
,,,,,,,,,,,,,,,,,,,,,,,,,,,,,,,,,,,,,,,,,,,,,,,,,,,,,,,,,,,,,,,,,,,,,,,,,,,,,,,,,,,,,,,,,,,,,,,,,,,,,,,,,,,,,,,,,,,,,,,,,,,,,,,,,,,,,,,,,,,,,,,,,,,,,,,,,,,,,,,,,,,,,,,,,,,,,,,,,,,,,,,,,,,,,,,,,,,,,,,,,,,,1.0,0.90203125,0.72390625,0.7060937500000001,0.67046875,0.58140625,0.5190625,0.49234374999999997,0.48640624999999993,0.48343749999999996,,,,,,,,,,,,,,,,,,,,,,,,,,,,,,,,,,,,,,,,,,,,,,,,,,,,,,,,,,,,,,,,,,,,,,,,,,,,,,,,,,,,,,,,,,,,,,,,,,,,,,,,,,,,,,,,,,,,,,,,,,,,,,,,,,,,,,,,,,,,,,,,,,,,,,,,,,,,,,,,,,,,,,,,,,,,,,,,,,,,,,,,,,,,,,,,,,,,,,,,,,,,,,,,,,,,,,,,,,,,,,,,,,,,,,,,,,,,,,,,,,,,,,,,,,,,,,,,,,,,,,,,,,,,,,,,,,,,,,,,,,,,,,,9966
,,,,,,,,,,,,,,,,,,,,,,,,,,,,,,,,,,,,,,,,,,,,,,,,,,,,,,,,,,,,,,,,,,,,,,,,,,,,,,,,,,,,,,,,,,,,,,,,,,,,,,,,,,,,,,,,,,,,,,,,,,,,,,,,,,,,,,,,,,,,,,,,,,,,,,,,,,,,,,,,,,,,,,,,,,,,,,,,,,,,,,,,,,,,,,,,,,,,,,,,,,,,,,,,,,,,,,1.0,0.8978494623655914,0.8672043010752688,0.5403225806451613,0.5096774193548387,0.49946236559139784,0.4790322580645161,0.4688172043010752,0.4483870967741935,0.4381720430107527,,,,,,,,,,,,,,,,,,,,,,,,,,,,,,,,,,,,,,,,,,,,,,,,,,,,,,,,,,,,,,,,,,,,,,,,,,,,,,,,,,,,,,,,,,,,,,,,,,,,,,,,,,,,,,,,,,,,,,,,,,,,,,,,,,,,,,,,,,,,,,,,,,,,,,,,,,,,,,,,,,,,,,,,,,,,,,,,,,,,,,,,,,,,,,,,,,,,,,,,,,,,,,,,,,,,,,,,,,,,,,,,,,,,,,,,,,,,,,,,,,,,,,,,,,,,,,,,,,,,,,,,,,,,,,,,,,,,,9967
,,,,,,,,,,,,,,,,,,,,,,,,,,,,,,,,,,,,,,,,,,,,,,,,,,,,,,,,,,,,,,,,,,,,,,,,,,,,,,,,,,,,,,,,,,,,,,,,,,,,,,,,,,,,,,,,,,,,,,,,,,,,,,,,,,,,,,,,,,,,,,,,,,,,,,,,,,,,,,,,,,,,,,,,,,,,,,,,,,,,,,,,,,,,,,,,,,,,,,,,,,,,,,,,,,,,,,,,,,,,,,,,1.0,0.8542944785276073,0.7260736196319019,0.6590490797546013,0.6328220858895706,0.6328220858895706,0.5803680981595092,0.5075153374233129,0.4725460122699386,0.46963190184049075,,,,,,,,,,,,,,,,,,,,,,,,,,,,,,,,,,,,,,,,,,,,,,,,,,,,,,,,,,,,,,,,,,,,,,,,,,,,,,,,,,,,,,,,,,,,,,,,,,,,,,,,,,,,,,,,,,,,,,,,,,,,,,,,,,,,,,,,,,,,,,,,,,,,,,,,,,,,,,,,,,,,,,,,,,,,,,,,,,,,,,,,,,,,,,,,,,,,,,,,,,,,,,,,,,,,,,,,,,,,,,,,,,,,,,,,,,,,,,,,,,,,,,,,,,,,,,,,,,,,,,,,,,,9968
,,,,,,,,,,,,,,,,,,,,,,,,,,,,,,,,,,,,,,,,,,,,,,,,,,,,,,,,,,,,,,,,,,,,,,,,,,,,,,,,,,,,,,,,,,,,,,,,,,,,,,,,,,,,,,,,,,,,,,,,,,,,,,,,,,,,,,,,,,,,,,,,,,,,,,,,,,,,,,,,,,,,,,,,,,,,,,,,,,,,,,,,,,,,,,,,,,,,,,,,,,,,,,,,,,,,,,,,,,,,,,,,,,,,,,,,,,1.0,0.9897297297297297,0.8356756756756757,0.7432432432432432,0.7381081081081081,0.6045945945945946,0.5532432432432433,0.5070270270270271,0.4916216216216216,0.48648648648648646,,,,,,,,,,,,,,,,,,,,,,,,,,,,,,,,,,,,,,,,,,,,,,,,,,,,,,,,,,,,,,,,,,,,,,,,,,,,,,,,,,,,,,,,,,,,,,,,,,,,,,,,,,,,,,,,,,,,,,,,,,,,,,,,,,,,,,,,,,,,,,,,,,,,,,,,,,,,,,,,,,,,,,,,,,,,,,,,,,,,,,,,,,,,,,,,,,,,,,,,,,,,,,,,,,,,,,,,,,,,,,,,,,,,,,,,,,,,,,,,,,,,,,,,,,,,,,,,,9969
,,,,,,,,,,,,,,,,,,,,,,,,,,,,,,,,,,,,,,,,,,,,,,,,,,,,,,,,,,,,,,,,,,,,,,,,,,,,,,,,,,,,,,,,,,,,,,,,,,,,,,,,,,,,,,,,,,,,,,,,,,,,,,,,,,,,,,,,,,,,,,,,,,,,,,,,,,,,,,,,,,,,,,,,,,,,,,,,,,,,,,,,,,,,,,,,,,,,,,,,,,,,,,,,,,,,,,,,,,,,,,,,,,,,,,,,,,,,,,,,,,,,1.0,0.9459349593495935,0.8532520325203252,0.8532520325203252,0.7373983739837399,0.6833333333333333,0.675609756097561,0.6292682926829268,0.5752032520325203,0.5752032520325203,,,,,,,,,,,,,,,,,,,,,,,,,,,,,,,,,,,,,,,,,,,,,,,,,,,,,,,,,,,,,,,,,,,,,,,,,,,,,,,,,,,,,,,,,,,,,,,,,,,,,,,,,,,,,,,,,,,,,,,,,,,,,,,,,,,,,,,,,,,,,,,,,,,,,,,,,,,,,,,,,,,,,,,,,,,,,,,,,,,,,,,,,,,,,,,,,,,,,,,,,,,,,,,,,,,,,,,,,,,,,,,,,,,,,,,,,,,,,,,,,,,,,,,9970
,,,,,,,,,,,,,,,,,,,,,,,,,,,,,,,,,,,,,,,,,,,,,,,,,,,,,,,,,,,,,,,,,,,,,,,,,,,,,,,,,,,,,,,,,,,,,,,,,,,,,,,,,,,,,,,,,,,,,,,,,,,,,,,,,,,,,,,,,,,,,,,,,,,,,,,,,,,,,,,,,,,,,,,,,,,,,,,,,,,,,,,,,,,,,,,,,,,,,,,,,,,,,,,,,,,,,,,,,,,,,,,,,,,,,,,,,,,,,,,,,,,,,,,,,,,,,,1.0,0.8492063492063492,0.8039682539682539,0.8039682539682539,0.7738095238095237,0.7587301587301588,0.7134920634920635,0.6984126984126985,0.6833333333333333,0.5777777777777778,,,,,,,,,,,,,,,,,,,,,,,,,,,,,,,,,,,,,,,,,,,,,,,,,,,,,,,,,,,,,,,,,,,,,,,,,,,,,,,,,,,,,,,,,,,,,,,,,,,,,,,,,,,,,,,,,,,,,,,,,,,,,,,,,,,,,,,,,,,,,,,,,,,,,,,,,,,,,,,,,,,,,,,,,,,,,,,,,,,,,,,,,,,,,,,,,,,,,,,,,,,,,,,,,,,,,,,,,,,,,,,,,,,,,,,,,,,,,9971
,,,,,,,,,,,,,,,,,,,,,,,,,,,,,,,,,,,,,,,,,,,,,,,,,,,,,,,,,,,,,,,,,,,,,,,,,,,,,,,,,,,,,,,,,,,,,,,,,,,,,,,,,,,,,,,,,,,,,,,,,,,,,,,,,,,,,,,,,,,,,,,,,,,,,,,,,,,,,,,,0.5883333333333334,,,,,,,,,,,,,,,,,,,,,,,,,,,,,,,,,,,,,,,,,,,,,,,,,,,,,,,,,,,,,,,,,,,,,,,,,,,,,,,,,,,,,,,,,,,,,,,,,,,,,,,,1.0,0.9960416666666667,0.6754166666666667,0.6714583333333334,0.6675,0.6041666666666667,0.5764583333333334,0.560625,0.5566666666666666,,,,,,,,,,,,,,,,,,,,,,,,,,,,,,,,,,,,,,,,,,,,,,,,,,,,,,,,,,,,,,,,,,,,,,,,,,,,,,,,,,,,,,,,,,,,,,,,,,,,,,,,,,,,,,,,,,,,,,,,,,,,,,,,,,,,,,,,,,,,,,,,,,,,,,,,,,,,,,,,,,,,,,,,,,,,,,,,,,,,,,,,,,,,,,,,,,,,,,,,,,,,,,,,,,,,,,,,,,,,,,,,,,,,9972
,,,,,,,,,,,,,,,,,,,,,,,,,,,,,,,,,,,,,,,,,,,,,,,,,,,,,,,,,,,,,,,,,,,,,,,,,,,,,,,,,,,,,,,,,,,,,,,,,,,,,,,,,,,0.3612737441426916,,,,,,,,,,,,,,,,,,,,,,,,,,,,,,,,,,,,,,,,,1.0,,,,,0.38324431904066103,,,,,,,,,,,,,,,,,,,,,,,,,,,,,,,,,,,,,,,,,,,,,,,,,,,,,,,,,,,,,,,,,,,,,,,,,,,,,,,,,,,,,,,,,,,,,,,,,,,,,,,,,,,,,,,,,,,,,,,,0.6309996473018592,0.47380712450244367,0.4165113115332291,0.40870912480475635,0.3703683176298685,0.3401168942409432,0.3362876001410793,,,,,,,,,,,,,,,,,,,,,,,,,,,,,,,,,,,,,,,,,,,,,,,,,,,,,,,,,,,,,,,,,,,,,,,,,,,,,,,,,,,,,,,,,,,,,,,,,,,,,,,,,,,,,,,,,,,,,,,,,,,,,,,,,,,,,,,,,,,,,,,,,,,,,,,,,,,,,,,,,,,,,,,,,,,,,,,,,,,,,,,,,,,,,,,,,,,,,,,,,,,,,,,,,,,,,,,,,,,,,9973
,,,,,,,,,,,,,,,,,,,,,,,,,,,,,,,,,,,,,,,,,,,,,,,,,,,,,,,,,,,,,,,,,,,,,,,,,,,,,,,,,,,,,,,,,,,,,,,,,,,,,,,,,,,,,,,,,,,,,,,,,,,,,,,,,,,,,,,,,,,,,,,,,,,,,,,,,,,,,,,,,,,,,,,,,,,,,,,,,,,,,,,,,,,,,,,,,,,,,,,,,,,,,,,,,,,,,,,,,,,,,,,,,,,,,,,,,,,,,,,,,,,,,,,,,,,,,,,,,,,,,,,,,,,,,,,,,,,,,,,,1.0,0.9191489361702128,0.8180851063829787,0.6563829787234043,0.47446808510638294,0.45425531914893613,0.4138297872340425,0.3734042553191489,0.29255319148936165,0.29255319148936165,,,,,,,,,,,,,,,,,,,,,,,,,,,,,,,,,,,,,,,,,,,,,,,,,,,,,,,,,,,,,,,,,,,,,,,,,,,,,,,,,,,,,,,,,,,,,,,,,,,,,,,,,,,,,,,,,,,,,,,,,,,,,,,,,,,,,,,,,,,,,,,,,,,,,,,,,,,,,,,,,,,,,,,,,,,,,,,,,,,,,,,,,,,,,,,,,,,,,,,,,,,,,,,,,,,9974
,,,,,,,,,,,,,,,,,,,,,,,,,,,,,,,,,,,,,,,,,,,,,,,,,,,,,,,,,,,,,,,,,,,,,,,,,,,,,,,,,,,,,,,,,,,,,,,,,,,,,,,,,,,,,,,,,,,,,,,,,,,,,,,,,,,,,,,,,,,,,,,,,,,,,,,,,,,,,,,,,,,,,,,,,,,,,,,,,,,,,,,,,,,,,,,,,,,,,,,,,,,,,,,,,,,,,,,,,,,,,,,,,,,,,,,,,,,,,,,,,,,,,,,,,,,,,,,,,,,,,,,,,,,,,,,,,,,,,,,,,,,,,,,,,,1.0,1.0,1.0,0.9736111111111111,0.9472222222222222,0.9472222222222222,0.9208333333333333,0.9208333333333333,0.8944444444444444,0.8944444444444444,,,,,,,,,,,,,,,,,,,,,,,,,,,,,,,,,,,,,,,,,,,,,,,,,,,,,,,,,,,,,,,,,,,,,,,,,,,,,,,,,,,,,,,,,,,,,,,,,,,,,,,,,,,,,,,,,,,,,,,,,,,,,,,,,,,,,,,,,,,,,,,,,,,,,,,,,,,,,,,,,,,,,,,,,,,,,,,,,,,,,,,,,,,,,,,,,,,,,,,,,9975
,,,,,,,,,,0.9723747980613893,,,,,,,,,,,,,,,,,,,,,,,,,,,,,,,,,,,,,,,,,,,,,,,,,,,,,,,,,,,,,,,,,,,,,,,,,,,,,,,,,,,,,,,,,,,,,,,,,,,,,,,,,,,,,,,,,,,,,,,,,,,,,,,,,,,,,,,,,,,,,,,,,,,,,,,,,,,,,,,,,,,,,,,,,,,,,,,,,,,,,,,,,,,,,,,,,,,,,,,,,,,,,,,,,,,,,,,,,,,,,,0.9447495961227788,,,,,,,,,,,,,,,,,,,,,,,,,,,,,,,,,,,,,,,,,,,,,,,,,,,,,,,,,,,,,,,,,,,,1.0,0.855735056542811,0.7882067851373182,0.7636510500807755,0.6930533117932148,0.6823101777059773,0.5748788368336025,0.568739903069467,,,,,,,,,,,,,,,,,,,,,,,,,,,,,,,,,,,,,,,,,,,,,,,,,,,,,,,,,,,,,,,,,,,,,,,,,,,,,,,,,,,,,,,,,,,,,,,,,,,,,,,,,,,,,,,,,,,,,,,,,,,,,,,,,,,,,,,,,,,,,,,,,,,,,,,,,,,,,,,,,,,,,,,,,,,,,,,,,,,,,,,,,,,,,,,,,9976
,,,,,,,,,,,,,,,,,,,,,,,,,,,,,,,,,,,,,,,,,,,,,,,,,,,,,,,,,,,,,,,,,,,,,,,,,,,,,,,,,,,,,,,,,,,,,,,,,,,,,,,,,,,,,,,,,,,,,,,,,,,,,,,,,,,,,,,,,,,,,,,,,,,,,,,,,,,,,,,,,,,,,,,,,,,,,,,,,,,,,,,,,,,,,,,,,,,,,,,,,,,,,,,,,,,,,,,,,,,,,,,,,,,,,,,,,,,,,,,,,,,,,,,,,,,,,,,,,,,,,,,,,,,,,,,,,,,,,,,,,,,,,,,,,,,,,,,,,,,,,,,,,,,,1.0,0.8346416382252559,0.6757679180887373,0.6368600682593857,0.5752559726962457,0.5266211604095563,0.5233788395904436,0.5168941979522184,0.4358361774744027,0.41638225255972694,,,,,,,,,,,,,,,,,,,,,,,,,,,,,,,,,,,,,,,,,,,,,,,,,,,,,,,,,,,,,,,,,,,,,,,,,,,,,,,,,,,,,,,,,,,,,,,,,,,,,,,,,,,,,,,,,,,,,,,,,,,,,,,,,,,,,,,,,,,,,,,,,,,,,,,,,,,,,,,,,,,,,,,,,,,,,,,,,,,,,,,9977
,,,,,,,,,,,,,,,,,,,,,,,,,,,,,,,,,,,,,,,,,,,,,,,,,,,,,,,,,,,,,,,,,,,,,,,,,,,,,,,,,,,,,,,,,,,,,,,,,,,,,,,,,,,,,,,,,,,,,,,,,,,,,,,,,,,,,,,,,,,,,,,,,,,,,,,,,,,,,,,,,,,,,,,,,,,,,,,,,,,,,,,,,,,,,,,,,,,,,,,,,,,,,,,,,,,,,,,,,,,,,,,,,,,,,,,,,,,,,,,,,,,,,,,,,,,,,,,,,,,,,,,,,,,,,,,,,,,,,,,,,,,,,,,,,,,,,,,,,,,,,,,,,,,,,,,,,,,,,,1.0,0.9082758620689656,0.7248275862068966,0.62,0.6036206896551725,0.5905172413793104,0.5708620689655173,0.48896551724137927,0.48896551724137927,0.4824137931034483,,,,,,,,,,,,,,,,,,,,,,,,,,,,,,,,,,,,,,,,,,,,,,,,,,,,,,,,,,,,,,,,,,,,,,,,,,,,,,,,,,,,,,,,,,,,,,,,,,,,,,,,,,,,,,,,,,,,,,,,,,,,,,,,,,,,,,,,,,,,,,,,,,,,,,,,,,,,,,,,,,,,,,,,,,,,,9978
,,,,,,,,,,,,,,,,,,,,,,,,,,,,,,,,,,,,,,,,,,,,,,,,,,,,,,,,,,,,,,,,,,,,,,,,,,,,,,,,,,,,,,,,,,,,,,,,,,,,,,,,,,,,,,,,,,,,,,,,,,,,,,,,,,,,,,,,,,,,,,,,,,,,,,,,,,,,,,,,0.6385869565217391,,,,,,,0.6101902173913044,,,0.8063858695652174,,,,,,,,,,,,,,,,,,,,,,,,,,,,,,,,,,,,,,,,,,,,,,,,,,,,,,,,,,,,,,,,,,,,,,,,,,,,,,,,,,,,,,,,,,,,,,1.0,,,,,,,,,,,,,,,,,,,,,,,,,,,,,,,,,,,,,,,,,,,,,,,,,,,,,,,,,,,,,,,,0.6308423913043478,0.6179347826086956,0.5972826086956522,0.5327445652173913,0.5172554347826087,0.49144021739130433,,,,,,,,,,,,,,,,,,,,,,,,,,,,,,,,,,,,,,,,,,,,,,,,,,,,,,,,,,,,,,,,,,,,,,,,,,,,,,,,,,,,,,,,,,,,,,,,,,,,,,,,,,,,,,,,,,,,,,,,,,,,,,,,,,,,,,,,,,,,,,,,,,,,,,,,,,,,,,,,,,,,,,,9979
,,,,,,,,,,,,,,,,,,,,,,,,,,,,,,,,,,,,,,,,,,,,,,,,,,,,,,,,,,,,,,,,,,,,,,,,,,,,,,,,,,,,,,,,,,,,,,,,,,,,,,,,,,,,,,,,,,,,,,,,,,,,,,,,,,,,,,,,,,,,,,,,,,,,,,,,,,,,,,,,,,,,,,,,,,,,,,,,,,,,,,,,,,,,,,,,,,,,,,,,,,,,,,,,,,,,,,,,,,,,,,,,,,,,,,,,,,,,,,,,,,,,,,,,,,,,,,,,,,,,,,,,,,,,,,,,,,,,,,,,,,,,,,,,,,,,,,,,,,,,,,,,,,,,,,,,,,,,,,,,,,,,,,,,,,,,,,1.0,0.6014367816091954,0.5795977011494253,0.5795977011494253,0.54683908045977,0.5413793103448276,0.5195402298850574,0.5086206896551724,0.5031609195402299,0.4922413793103448,,,,,,,,,,,,,,,,,,,,,,,,,,,,,,,,,,,,,,,,,,,,,,,,,,,,,,,,,,,,,,,,,,,,,,,,,,,,,,,,,,,,,,,,,,,,,,,,,,,,,,,,,,,,,,,,,,,,,,,,,,,,,,,,,,,,,,,,,,,,,,,,,,,,,,,,,,,,,9980
,,,,,,,,,,,,,,,,,,,,,,,,,,,,,,,,,,,,,,,,,,,,,,,,,,,,,,,,,,,,,,,,,,,,,,,,,,,,,,,,,,,,,,,,,,,,,,,,,,,,,,,,,,,,,,,,,,,,,,,,,,,,,,,,,,,,,,,,,,,,,,,,,,,,,,,,,,,,,,,,,,,,,,,,,,,,,,,,,,,,,,,,,,,,,,,,,,,,,,,,,,,,,,,,,,,,,,,,,,,,,,,,,,,,,,,,,,,,,,,,,,,,,,,,,,,,,,,,,,,,,,,,,,,,,,,,,,,,,,,,,,,,,,,,,,,,,,,,,,,,,,,,,,,,,,,,,,,,,,,,,,,,,,,,,,,,,,,,,,,,,,,,1.0,0.6647058823529413,0.6088235294117648,0.4970588235294117,0.4970588235294117,0.4411764705882352,0.4411764705882352,0.38529411764705884,0.38529411764705884,0.32941176470588235,,,,,,,,,,,,,,,,,,,,,,,,,,,,,,,,,,,,,,,,,,,,,,,,,,,,,,,,,,,,,,,,,,,,,,,,,,,,,,,,,,,,,,,,,,,,,,,,,,,,,,,,,,,,,,,,,,,,,,,,,,,,,,,,,,,,,,,,,,,,,,,,,,,9981
,,,,,,,,,,,,,,,,,,,,,,,,,,,,,,,,,,,,,,,,,,,,,,,,,,,,,,,,,,,,,,,,,,,,,,,,,,,,,,,,,,,,,,,,,,,,,,,,,,,,,,,,,,,,,,,,,,,,,,,,,,,,,,,,,,,,,,,,,,,,,,,,,,,,,,,,,,,,,,,,,,,,,,,,,,,,,,,,,,,,,,,,,,,,,,,,,,,,,,,,,,,,,,,,,,,,,,,,,,,,,,,,,,,,,,,,,,,,,,,,,,,,,,,,,,,,0.775304347826087,,,,,,,,,,,,,,,,,,,,,,,,,,,,,,,,,,,,,,,,,,,,,,,,,,,,,,,,,,,,,,,,,,,,,,,,,,,,,,,,,,,,,,,,,,,,,,,,,,,,,,1.0,0.9917391304347827,0.8843478260869566,0.7967826086956522,0.7290434782608696,0.6629565217391304,0.6216521739130434,0.6117391304347827,0.6051304347826088,,,,,,,,,,,,,,,,,,,,,,,,,,,,,,,,,,,,,,,,,,,,,,,,,,,,,,,,,,,,,,,,,,,,,,,,,,,,,,,,,,,,,,,,,,,,,,,,,,,,,,,,,,,,,,,,,,,,,,,,,,,,,,,,,,,,,,,,,,9983
,,,,,,,,,,,,,,,,,,,,,,,,,,,,,,,,,,,,,,,,,,,,,,,,,,,,,,,,,,,,,,,,,,,,,,,,,,,,,,,,,,,,,,,,,,,,,,,,,,,,,,,,,,,,,,,,,,,,,,,,,,,,,,,,,,,,,,,,,,,,,,,,,,,,,,,,,,,,,,,,,,,,,,,,,,,,,,,,,,,,,,,,,,,,,,,,,,,,,,,,,,,,,,,,,,,,,,,,,,,,,,,,,,,,,,,,,,,,,,,,,,,,,,,,,,,,,,,,,,,,,,,,,,,,,,,,,,,,,,,,,,,,,,,,,,,,,,,,,,,,,,,,,,,,,,,,,,,,,,,,,,,,,,,,,,,,,,,,,,,,,,,,,,,,,,,,,,,,,,,,,,,1.0,1.0,1.0,0.05,0.05,0.05,0.05,0.05,0.05,0.05,,,,,,,,,,,,,,,,,,,,,,,,,,,,,,,,,,,,,,,,,,,,,,,,,,,,,,,,,,,,,,,,,,,,,,,,,,,,,,,,,,,,,,,,,,,,,,,,,,,,,,,,,,,,,,,,,,,,,,,,,,,,,,,,9984
,,,,,,,,,,,,,,,,,,,,,,,,,,,,,,,,,,,,,,,,,,,,,,,,,,,,,,,,,,,,,,,,,,,,,,,,,,,,,,,,,,,,,,,,,,,,,,,,,,,,,,,,,,,,,,,,,,,,,,,,,,,,,,,,,,,,,,,,,,,,,,,,,,,,,,,,,,,,,,,,,,,,,,,,,,,,,,,,,,,,,,,,,,,,,,,,,,,,,,,,,,,,,,,,,,,,,,,,,,,,,,,,,,,,,,,,,,,,,,,,,,,,,,,,,,,,,,,,,,,,,,,,,,,,,,,,0.8642857142857142,,,,,,,,,,,,,,,,,,,,,,,,,,,,,,,,,,,,,,,,,,,,,,,,,,,,,,,,,,,,,,,,,,,,,,,,,,,,,,,,,,,,,,,,,,,,,,,,,,,,,1.0,0.9185714285714286,0.8914285714285713,0.81,0.7285714285714286,0.6742857142857143,0.6471428571428571,0.62,0.5385714285714285,,,,,,,,,,,,,,,,,,,,,,,,,,,,,,,,,,,,,,,,,,,,,,,,,,,,,,,,,,,,,,,,,,,,,,,,,,,,,,,,,,,,,,,,,,,,,,,,,,,,,,,,,,,,,,,,,,,,,,,9985
,,,,,,,,,,,,,,,,,,,,,,,,,,,,,,,,,,,,,,,,,,,,,,,,,,,,,,,,,,,,,,,,,,,,,,,,,,,,,,,,,,,,,,,,,,,,,,,,,,,,,,,,,,,,,,,,,,,,,,,,,,,,,,,,,,,,,,,,,,,,,,,,,,,,,,,,,,,,,,,,,,,,,,,,,,,,,,,,,,,,,,,,,,,,,,,,,,,,,,,,,,,,,,,,,,,,,,,,,,,,,,,,,,,,,,,,,,,,,,,,,,,,,,,,,,,,,,,,,,,,,,,,,,,,,,,,,,,,,,,,,,,,,,,,,,,,,,,,,,,,,,,,,,,,,,,,,,,,,,,,,,,,,,,,,,,,,,,,,,,,,,,,,,,,,,,,,,,,,,,,,,,,,,,,,,,,,,,,,,,,,,1.0,0.962987012987013,0.8864935064935064,0.777922077922078,0.7433766233766234,0.7211688311688312,0.6866233766233767,0.657012987012987,0.5854545454545454,0.5829870129870129,,,,,,,,,,,,,,,,,,,,,,,,,,,,,,,,,,,,,,,,,,,,,,,,,,,,,,,,,,,,,,,,,,,,,,,,,,,,,,,,,,,,,,,,,,,,,,,,,,,,,,,,,,,,,9986
,,,,,,,,,,,,,,,,,,,,,,,,,,,,,,,,,,,,,,,,,,,,,,,,,,,,,,,,,,,,,,,,,,,,,,,,,,,,,,,,,,,,,,,,,,,,,,,,,,,,,,,,,,,,,,,,,,,,,,,,,,,,,,,,,,,,,,,,,,,,,,,,,,,,,,,,,,,,,,,,,,,,,,,,,,,,,,,,,,,,,,,,,,,,,,,,,,,,,,,,,,,,,,,,,,,,,,,,,,,,,,,,,,,,,,,,,,,,,,,,,,,,,,,,,,,,,,,,,,,,,,,,,,,,,,,,,,,,,,,,,,,,,,,,,,,,,,,,,,,,,,,,,,,,,,,,,,,,,,,,,,,,,,,,,,,,,,,,,,,,,,,,,,,,,,,,,,,,,,,,,,,,,,,,,,,,,,,,,,,,,,,,,,,,,,,,1.0,0.6833333333333333,0.5777777777777778,0.5777777777777778,0.5777777777777778,0.5777777777777778,0.5777777777777778,0.5777777777777778,0.5777777777777778,0.47222222222222215,,,,,,,,,,,,,,,,,,,,,,,,,,,,,,,,,,,,,,,,,,,,,,,,,,,,,,,,,,,,,,,,,,,,,,,,,,,,,,,,,,,,,,,,,,,,,,,,,,,9987
,,,,,,,,,,,,,,,,,,,,,,,,,,,,,,,,,,,,,,,,,,,,,,,,,,,,,,,,,,,,,,,,,,,,,,,,,,,,,,,,,,,,,,,,,,,,,,,,,,,,,,,,,,,,,,,,,,,,,,,,,,,,,,,,,,,,,,,,,,,,,,,,,,,,,,,,,,,,,,,,,,,,,,,,,,,,,,,,,,,,,,,,,,,,,,,,,,,,,,,,,,,,,,,,,,0.5625,,,,,,,,,,,,,,,,,,,,,,,,,,,,,,,,,,,,,,,,,,,,,,,,,,,,,,,,,,,,,,,,,,,,,,,,,,,,,,,,,,,,,,,,,,,,,,,,,,,,,,,,,,,,,0.6000000000000001,,,,,,,,,,,,,,,,,,,,,,,,,,,,,,,,,,,,,,,,,,,,,,,,,,,,,,,,,,,,,,,,,,,,,,,,,,,,,,,,,,,1.0,0.75,0.525,0.49999999999999994,0.49999999999999994,0.48749999999999993,0.48749999999999993,0.425,,,,,,,,,,,,,,,,,,,,,,,,,,,,,,,,,,,,,,,,,,,,,,,,,,,,,,,,,,,,,,,,,,,,,,,,,,,,,,,,,,,,,,,,,,,9988
,,,,,,,,,,,,,,,,,,,,,,,,,,,,,,,,,1.0,,,,,,,,,,,,,,,,,,,,,,,,,,,,,,,,,,,,,,,,,,,,,,,,,,,,,,,,,,,,,,,,,,,,,,,,,,,,,,,,,,,,,,,,,,,,,,,,,,,,,,,,,,,,,,,,,,,,,,,0.5027936145952109,,,,,,,,,,,,,,,,,,,,,,,,,,,,,,,,,,,,,,,,,,0.6316989737742303,,,,,,,,,,,,,,,,,,,,,,,,,,,,,,,,,,,,,,,,,,,,,,,,,,,,,,,,,,,,,,,,,,,,,,,,,,,,,,,,,,,,,,,,,,,,,,,,,,,,,,,,,,,,,,,,,,,,,,,,,,,,,,,,,,,,,,,,,,,,,,,,,,,,,,,,,,,,,,,,,,,,,,,,,,,,,,,,,,,,,,,,,,,,,,,,,,,,,,,,,,,,,,,,,,,,,,,,0.6067844925883695,0.5645381984036488,0.5493728620296465,0.5428734321550741,0.5212086659064994,0.49087799315849484,0.4605473204104903,,,,,,,,,,,,,,,,,,,,,,,,,,,,,,,,,,,,,,,,,,,,,,,,,,,,,,,,,,,,,,,,,,,,,,,,,,,,,,,,,,,,9989
,,,,,,,,,,,,,,,,,,,,,,,,,,,,,,,,,,,,,,,,,,,,,,,,,,,,,,,,,,,,,,,,,,,,,,,,,,,,,,,,,,,,,,,,,,,,,,,,,,,,,,,,,,,,,,,,,,,,,,,,,,,,,,,,,,,,,,,,,,,,,,,,,,,,,,,,,,,,,,,,,,,,,,,,,,,,,,,,,,,,,,,,,,,,,,,,,,,,,,,,,,,,,,,,,,,,,,,,,,,,,,,,,,,,,,,,,,,,,,,,,,,,,,,,,,,,,,,,,,,,,,,,,,,,,,,,,,,,,,,,,,,,,,,,,,,,,,,,,,,,,,,,,,,,,,,,,,,,,,,,,,,,,,,,,,,,,,,,,,,,,,,,,,,,,,,,,,,,,,,,,,,,,,,,,,,,,,,,,,,,,,,,,,,,,,,,,,,,,,,,,,,,,,,,,,,,,,,,,1.0,0.6738805970149254,0.6667910447761194,0.503731343283582,0.41511194029850745,0.3973880597014925,0.39384328358208953,0.3832089552238806,0.37611940298507457,0.36548507462686564,,,,,,,,,,,,,,,,,,,,,,,,,,,,,,,,,,,,,,,,,,,,,,,,,,,,,,,,,,,,,,,,,,,,,,,,,,9990
,,,,,,,,,,,,,,,,,,,,,,,,,,,,,,,,,,,,,,,,,,,,,,,,,,,,,,,,,,,,,,,,,,,,,,,,,,,,,,,,,,,,,,,,,,,,,,,,,,,,,,,,,,,,,,,,,,,,,,,,,,,,,,,,,,,,,,,,,,,,,,,,,,,,,,,,,,,,,,,,,,,,,,,,,,,,,,,,,,,,,,,,,,,,,,,,,,,,,,,,,,,,,,,,,,,,,,,,,,,,,,,,,,,,,,,,,,,,,,,,,,,,,,,,,,,,,,,,,,,,,,,,,,,,,,,,,,,,,,,,,,,,,,,,,,,,,,,,,,,,,,,,,,,,,,,,,,,,,,,,,,,,,,,,,,,,,,,,,,,,0.8361185983827494,,,,,,,,,,,,,,,,,,,,,,,,,,,,,,,,,,,,,,,,,,,,,,,,,,,,,,,,,,,,,,,,,,,,,,,,,,,,,0.8130727762803235,,,,,,,,,,1.0,0.9897574123989219,0.9641509433962264,0.9487870619946092,0.8258760107816712,0.6824797843665767,0.6568733153638815,0.6568733153638815,,,,,,,,,,,,,,,,,,,,,,,,,,,,,,,,,,,,,,,,,,,,,,,,,,,,,,,,,,,,,,,,,,9991
,,,,,,,,,,,,,,,,,,,,,,,,,,,,,,,,,,,,,,,,,,,,,,,,,,,,,,,,,,,,,,,,,,,,,,,,,,,,,,,,,,,,,,,,,,,,,,,,,,,,,,,,,,,,,,,,,,,,,,,,,,,,,,,,,,,,,,,,,,,,,,,,,,,,,,,,,,,,,,,,,,,,,,,,,,,,,,,,,,,,,,,,,,,,,,,,,,,,,,,,,,,,,,,,,,,,,,,,,,,,,,,,,,,,,,,,,,,,,,,,,,,,,,,,,,,,,,,,,,,,,,,,,,,,,,,,,,,,,,,,,,,,,,,,,,,,,,,,,,,,,,,,,,,,,,,,,,,,,,,,,,,,,,,,,,,,,,,,,,,,,,,,,,,,,,,,,,,,,,,,,,,,,,,,,,,,,,,,,,,,,,,,,,,,,,,,,,,,,,,,,,,,,,,,,,,,,,,,,,,,,,,,,,,,,,0.5339622641509434,,,,,1.0,0.9103773584905661,0.838679245283019,0.5608490566037736,0.5518867924528302,0.525,0.4712264150943396,0.4712264150943396,0.46226415094339623,,,,,,,,,,,,,,,,,,,,,,,,,,,,,,,,,,,,,,,,,,,,,,,,,,,,,,,,,9992
,,,,,,,,,,0.6886111111111112,,,,,,,,,,,,,,,,,,,,,,,,,,,,,,,,,,,,,,,,,,,,,,,,,,,,,,,,,,,,,,,,,,,,,,,,,,,,,,,,,,,,,,,,,,,,,,,,,,,,,,,,,,,,,,,,,,,,,,,,,,,,,,,,,,,,,,,,,,,,,,,,,,,,,,,,,,,,,,,,,,,,,,,,,,,,,,,,,,,,,,,,,,,,,,,,,,,,,,,,,,,,,,,,,,,,,,,,,,,,,,0.8047222222222222,,,,,,,,,,,,,,,,,,,,,,,,,,,,,,,,,,,,,,,,,,,,,,,,,,,,,,,,,,,,,,,,,,,,,,,,,,,,,,,,,,,,,,,,,,,,,,,,,,,,,,,,,,,,,,,,,,,,,,,,,,,,,,,,,,,,,,,,,,,,,,,,,,,,,,,,,,,,,,,,,,,,,,,,,,,,,,,,,,,,,,,,,,,,,,,,,,,,,,,,,,,,,,,,,,,,1.0,0.9683333333333334,0.715,0.6622222222222223,0.6411111111111112,0.62,0.6147222222222223,0.5830555555555555,,,,,,,,,,,,,,,,,,,,,,,,,,,,,,,,,,,,,,,,,,,,,,,,,9993
,,,,,,,,,,,,,,,,,,,,,,,,,,,,,,,,,,,,,,,,,,,,,,,,,,,,,,,,,,,,,,,,,,,,,,,,,,,,,,,,,,,,,,,,,,,,,,,,,,,,,,,,,,,,,,,,,,,,,,,,,,,,,,,,,,,,,,,,,,,,,,,,,,,,,,,,,,,,,,,,,,,,,,,,,,,,,,,,,,,,,,,,,,,,,,,,,,,,,,,,,,,,,,,,,,,,,,,,,,,,,,,,,,,,,,,,,,,,,,,,,,,,,,,,,,,,,,,,,,,,,,,,,,,,,,,,,,,,,,,,,,,,,,,,,,,,,,,,,,,,,,,,,,,,,,,,,,,,,,,,,,,,,,,,,,,,,,,,,,,,,,,,,,,,,,,,,,,,,,,,,,,,,,,,,,,,,,,,,,,,,,,,,,,,,,,,,,,,,,,,,,,,,,,,,,,,,,,,,,,,,,,,,,,,,,,,,,,,,,,,,,,,,,,,,,,,1.0,1.0,1.0,1.0,0.05,0.05,0.05,0.05,0.05,0.05,,,,,,,,,,,,,,,,,,,,,,,,,,,,,,,,,,,,,,,9994
,,,,,,,,,,,,,,,,,,,,,,,,,,,,,,,,,,,,,,,,,,,,,,,,,,,,,,,,,,,,,,,,,,,,,,,,,,,,,,,,,,,,,,,,,,,,,,,,,,,,,,,,,,,,,,,,,,,,,,,,,,,,,,,,,,,,,,,,,,,,,,,,,,,,,,,,,,,,,,,,,,,,,,,,,,,,,,,,,,,,,,,,,,,,,,,,,,,,,,,,,,,,,,,,,,,,,,,,,,,,,,,,,,,,,,,,,,,,,,,,,,,,,,,,,,,,,,,,,,,,,,,,,,,,,,,,,,,,,,,,,,,,,,,,,,,,,,,,,,,,,,,,,,,,,,,,,,,,,,,,,,,,,,,,,,,,,,,,,,,,,,,,,,,,,,,,,,,,,,,,,,,,,,,,,,,,,,,,,,,,,,,,,,,,,,,,,,,,,,,,,,,,,,,,,,,,,,,,,,,,,,,,,,,,,,,,,,,,,,,,,,,,,,,,,,,,,,,,,,,,,,1.0,0.814021164021164,0.6531746031746032,0.633068783068783,0.4521164021164021,0.40687830687830684,0.39179894179894176,0.34153439153439147,0.34153439153439147,0.3214285714285714,,,,,,,,,,,,,,,,,,,,,,,,,,,,,9995
,,,,,,,,,,,,,,,,,,,,,,,,,,,,,,,,,,,,,,,,,,,,,,,,,,,,,,,,,,,,,,,,,,,,,,,,,,,,,,,,,,,,,,,,,,,,,,,,,,,,,,,,,,,,,,,,,,,,,,,,,,,,,,,,,,,,,,,,,,,,,,,,,,,,0.9366666666666666,,,,,,,,,,,,,,,,,,,,,,,,,,,,,,,,,,,,,,,,,,,,,,,,,,,,,,,,,,,,,,,,,,,,,,,,,,,,,,,,,,,,,,,,,,,,,,,,,,,,,,,,,,,,,,,,,,,,,,,,,,,,,,,,,,,,,,,,,,,,,,,,,,,,,,,,,,,,,,,,,,,,,,,,,,,,,,,,,,,,,,,,,,,,,,,,,,,,,,,,,,,,,,,,,,,,,,,,,,,,,,,,,,,,,,,,,,,,,,,,,,,,,,,,,,,,,,,,,,,,,,,,,0.8944444444444444,,,,,,,,,,,,,,,,,,,,,,,,,,,,,,,,,,,,,,,,,,,,,,,,,,,,,,,,,,,1.0,0.7677777777777778,0.62,0.62,0.62,0.5566666666666666,0.5355555555555556,0.5355555555555556,,,,,,,,,,,,,,,,,,,,,9996
,,,,,,,,,,,,,,,,,,,,,,,,,,,,,,,,,,,,,,,,,,,,,,,,,,,,,,,,,,,,,,,,,,,,,,,,,,,,,,,,,,,,,,,,,,,,,,,,,,,,,,,,,,,,,,,,,,,,,,,,,,,,,,,,,,,,,,,,,,,,,,,,,,,,,,,,,,,,,,,,,,,,,,,,,,,,,,,,,,,,,,,,,,,,,,,,,,,,,,,,,,,,,,,,,,,,,,,,,,,,,,,,,,,,,,,,,,,,,,,,,,,,,,,,,,,,,,,,,,,,,,,,,,,,,,,,,,,,,,,,,,,,,,,,,,,,,,,,,,,,,,,,,,,,,,,,,,,,,,,,,,,,,,,,,,,,,,,,,,,,,,,,,,,,,,,,,,,,,,,,,,,,,,,,,,,,,,,,,,,,,,,,,,,,,,,,,,,,,,,,,,,,,,,,,,,,,,,,,,,,,,,,,,,,,,,,,,,,,,,,,,,,,,,,,,,,,,,,,,,,,,,,,,,,,,,,,,,,,,,,1.0,0.623015873015873,0.5928571428571429,0.5777777777777778,0.5325396825396825,0.5023809523809524,0.48730158730158724,0.48730158730158724,0.48730158730158724,0.47222222222222215,,,,,,,,,,,9998
,,,,,,,,,,,,,,,,,,,,,,,,,,,,,,,,,,,,,,,,,,,,,,,,,,,,,,,,,,,,,,,,,,,,,,,,,,,,,,,,,,,,,,,,,,,,,,,,,,,,,,,,,,,,,,,,,,,,,,,,,,,,,,,,,,,,,,,,,,,,,,,,,,,,,,,,,,,,,,,,,,,,,,,,,,,,,,,,,,,,,,,,,,,,,,,,,,,,,,,,,,,,,,,,,,,,,,,,,,,,,,,,,,,,,,,,,,,,,,,,,,,,,,,,,,,,,,,,,,,,,,,,,,,,,,,,,,,,,,,,,,,,,,,,,,,,,,,,,,,,,,,,,,,,,,,,,,,,,,,,,,,,,,,,,,,,,,,,,,,,,,,,,,,,,,,,,,,,,,,,,,,,,,,,,,,,,,,,,,,,,,,,,,,,,,,,,,,,,,,,,,,,,,,,,,,,,,,,,,,,,,,,,,,,,,,,,,,,,,,,,,,,,,,,,,,,,,,,,,,,,,,,,,,,,,,,,,,,,,,,,,,,,,,,,,1.0,0.9296296296296296,0.8592592592592593,0.8592592592592593,0.8240740740740741,0.8240740740740741,0.6833333333333333,0.6481481481481481,0.5425925925925925,0.5425925925925925,9999
